1,322
1,326
1,205
1,401
1,32
1,402
1,455
1,333
1,413
1,278
1,40
1,55
1,492
1,381
1,128
1,207
1,28
1,290
2,120
2,236
2,328
2,437
2,205
2,498
2,244
2,302
2,365
2,350
2,309
2,351
2,166
2,26
2,92
2,399
2,105
2,475
2,49
2,25
2,281
3,413
3,108
3,262
3,163
3,318
3,465
3,90
3,37
3,115
3,487
3,236
3,327
3,312
3,275
3,137
3,373
3,384
3,434
3,426
3,52
3,387
4,448
4,300
4,238
4,148
4,410
4,373
4,185
4,43
4,433
4,113
4,260
4,396
4,165
4,381
4,122
4,413
4,171
4,75
4,35
4,191
4,152
4,22
4,375
4,97
4,68
4,176
4,166
4,46
4,179
4,362
4,273
4,497
4,285
4,88
4,372
4,252
4,447
4,103
4,218
5,60
5,257
5,408
5,239
5,190
5,166
5,254
5,474
5,51
5,87
5,46
5,407
5,231
5,464
5,383
5,454
5,292
5,248
5,446
5,417
6,336
6,372
6,327
6,360
6,355
6,241
6,163
6,201
6,243
6,400
6,389
6,353
6,98
6,56
6,399
6,160
6,16
6,424
6,14
6,237
6,313
6,187
6,118
6,252
6,282
6,172
6,482
7,14
7,417
7,366
7,92
7,105
7,269
7,180
7,397
7,362
7,208
7,235
7,156
7,343
7,85
7,167
7,26
8,321
8,149
8,41
8,269
8,346
8,150
8,367
8,442
8,163
8,132
8,123
8,451
8,211
8,332
8,238
8,286
8,253
8,401
8,262
8,416
8,450
8,21
8,323
8,461
8,19
8,348
8,264
9,304
9,181
9,150
9,199
9,33
9,417
9,29
9,485
9,257
9,248
9,302
9,298
9,478
9,155
9,251
9,54
9,231
9,183
9,475
10,257
10,168
10,292
10,402
10,278
10,472
10,496
10,200
10,133
10,345
10,262
10,251
10,248
10,40
10,267
10,360
10,270
11,251
11,354
11,332
11,51
11,360
11,257
11,335
11,474
11,165
11,163
11,399
11,356
11,151
11,419
11,437
11,252
11,423
12,219
12,191
12,212
12,150
12,23
12,418
12,355
12,5
12,62
12,188
12,277
12,280
12,123
12,454
12,153
12,327
12,332
13,329
13,286
13,126
13,307
13,90
13,236
13,163
13,190
13,442
13,306
13,463
13,232
13,71
13,315
13,112
13,171
13,327
13,485
13,121
14,262
14,304
14,43
14,380
14,165
14,6
14,261
14,247
14,16
14,263
14,156
14,54
14,386
14,81
14,67
14,344
14,472
14,190
14,47
14,135
14,120
14,31
14,289
14,221
14,38
14,196
14,251
15,302
15,39
15,84
15,412
15,107
15,105
15,101
15,496
15,265
15,42
15,477
15,193
15,419
15,311
15,31
15,481
15,375
15,279
15,430
15,245
15,372
15,73
15,262
15,282
15,329
15,361
15,53
15,32
15,188
15,366
15,85
15,310
15,298
15,88
15,58
15,46
15,318
15,295
15,457
16,367
16,264
16,65
16,478
16,162
16,8
16,428
16,486
16,105
16,123
16,159
16,342
16,188
16,137
16,293
16,492
16,97
16,186
16,67
16,205
16,6
16,397
16,102
16,405
16,417
16,285
16,221
16,110
16,185
16,398
16,73
16,219
16,477
16,116
16,194
16,14
16,134
16,79
17,337
17,113
17,469
17,227
17,198
17,470
17,461
17,364
17,476
17,417
17,264
17,376
17,492
17,442
17,112
17,138
17,313
17,443
17,135
18,179
18,391
18,32
18,419
18,24
18,454
18,376
18,285
18,301
18,64
18,473
18,82
18,211
18,359
18,277
18,337
18,459
18,443
19,422
19,399
19,372
19,8
19,105
19,406
19,141
19,319
19,140
19,454
19,236
19,182
19,403
19,298
19,228
19,177
19,485
19,142
19,483
19,438
19,55
19,109
19,405
19,329
19,196
19,221
19,382
19,88
20,27
20,15
20,141
20,400
20,279
20,99
20,105
20,331
20,241
20,262
20,469
20,305
20,145
20,370
20,229
20,165
20,22
20,347
20,251
21,135
21,321
21,2
21,229
21,152
21,8
21,308
21,491
21,194
21,376
21,351
21,332
21,73
21,393
21,425
22,219
22,288
22,265
22,99
22,141
22,175
22,285
22,20
22,197
22,439
22,469
22,374
22,199
22,382
22,82
22,4
22,334
23,293
23,394
23,345
23,492
23,242
23,461
23,315
23,302
23,59
23,305
23,20
23,124
23,440
23,58
23,56
23,455
23,278
23,12
23,97
24,168
24,422
24,366
24,248
24,489
24,419
24,291
24,160
24,185
24,48
24,52
24,83
24,371
24,322
24,251
24,125
24,447
24,219
25,416
25,332
25,36
25,393
25,2
25,238
25,66
25,121
25,105
25,48
25,499
25,180
25,30
25,233
25,153
25,127
25,421
25,154
25,489
25,442
26,351
26,397
26,373
26,314
26,463
26,352
26,2
26,450
26,359
26,393
26,163
26,268
26,149
26,495
26,426
26,446
26,492
26,199
26,337
26,170
26,467
26,7
26,421
26,42
26,291
26,175
26,259
26,374
27,112
27,187
27,149
27,121
27,202
27,114
27,32
27,364
27,343
27,77
27,404
27,78
27,178
27,190
27,394
27,120
27,59
27,341
28,30
28,159
28,262
28,259
28,1
28,327
28,38
28,160
28,33
28,156
28,446
28,226
28,37
28,252
28,240
28,44
28,58
28,63
28,50
28,375
28,236
28,381
28,411
28,56
28,312
28,407
28,416
29,328
29,384
29,262
29,199
29,380
29,235
29,32
29,315
29,304
29,73
29,345
29,49
29,62
29,197
29,67
29,9
29,190
29,439
29,243
29,52
29,397
30,43
30,243
30,372
30,251
30,25
30,450
30,484
30,363
30,76
30,234
30,156
30,295
30,181
30,211
30,357
31,342
31,225
31,215
31,367
31,461
31,351
31,312
31,14
31,199
31,468
31,286
31,262
31,102
31,454
31,120
31,387
31,179
31,488
32,416
32,111
32,14
32,358
32,235
32,101
32,62
32,17
32,473
32,167
32,35
32,112
32,308
32,454
32,378
32,411
32,29
32,430
32,27
32,18
32,46
32,160
32,420
32,108
32,389
32,278
32,151
32,120
32,334
32,458
32,73
32,435
33,153
33,465
33,481
33,397
33,275
33,74
33,363
33,450
33,431
33,375
33,100
33,28
33,76
33,9
33,371
33,124
33,247
33,403
33,333
34,266
34,51
34,285
34,102
34,369
34,315
34,359
34,320
34,370
34,421
34,433
34,68
34,265
34,250
34,330
34,291
34,32
34,120
34,257
34,8
34,427
34,137
34,168
34,363
34,248
34,458
34,124
34,374
34,156
34,459
34,376
35,380
35,123
35,182
35,42
35,75
35,192
35,294
35,262
35,201
35,25
35,451
35,138
35,232
35,106
35,66
35,409
35,386
35,102
35,205
35,199
35,308
35,127
35,36
35,236
35,440
35,446
35,479
35,90
35,315
35,59
35,193
35,483
35,403
35,139
35,449
35,50
35,220
35,425
35,363
35,278
35,226
35,4
35,101
36,344
36,403
36,396
36,216
36,453
36,495
36,115
36,163
36,463
36,132
36,159
36,207
36,271
36,58
36,461
36,35
36,112
36,124
36,206
36,294
37,132
37,168
37,236
37,144
37,28
37,451
37,385
37,497
37,423
37,162
37,158
37,161
37,377
37,100
37,60
37,422
37,481
37,472
38,262
38,14
38,310
38,46
38,40
38,345
38,495
38,21
38,269
38,367
38,394
38,403
38,172
38,458
38,56
39,487
39,77
39,392
39,333
39,140
39,481
39,152
39,110
39,436
39,273
39,344
39,201
39,224
39,416
39,250
40,10
40,85
40,456
40,107
40,307
40,45
40,375
40,143
40,399
40,164
40,67
40,261
40,268
40,468
40,372
40,87
40,1
40,38
40,79
40,181
41,321
41,370
41,158
41,61
41,239
41,358
41,124
41,310
41,259
41,235
41,330
41,336
41,152
41,402
41,428
41,8
41,285
41,409
41,457
41,484
42,272
42,250
42,262
42,47
42,26
42,478
42,100
42,232
42,123
42,203
42,124
42,15
42,304
42,341
42,302
42,129
42,472
42,57
42,35
42,126
42,334
42,480
42,447
42,368
43,44
43,425
43,102
43,149
43,386
43,490
43,456
43,181
43,101
43,182
43,399
43,315
43,160
43,95
43,30
43,335
43,81
44,408
44,157
44,438
44,449
44,9
44,28
44,264
44,325
44,150
44,436
44,292
44,443
44,211
44,144
44,99
44,334
44,464
44,420
44,308
44,446
44,130
45,423
45,284
45,317
45,85
45,136
45,140
45,105
45,165
45,31
45,444
45,129
45,218
45,40
45,333
45,247
45,125
45,398
45,59
46,436
46,32
46,338
46,188
46,129
46,232
46,149
46,257
46,213
46,73
46,61
46,191
46,378
46,109
46,244
46,262
46,82
46,92
46,416
46,4
47,164
47,84
47,262
47,369
47,323
47,140
47,8
47,403
47,192
47,330
47,14
47,406
47,482
47,378
47,145
47,267
47,181
47,42
48,224
48,410
48,217
48,218
48,372
48,163
48,160
48,302
48,345
48,204
48,497
48,458
48,301
48,264
48,201
48,120
48,395
48,466
48,366
48,449
48,325
48,24
48,95
48,454
48,278
49,374
49,163
49,256
49,295
49,185
49,196
49,413
49,42
49,2
49,122
49,410
49,62
49,357
49,60
49,242
49,281
49,52
49,308
50,192
50,402
50,167
50,245
50,483
50,481
50,476
50,28
50,456
50,395
50,429
50,447
50,480
50,146
50,65
50,35
50,383
51,230
51,391
51,181
51,263
51,73
51,142
51,477
51,171
51,250
51,344
51,334
51,413
51,454
51,11
51,5
51,174
51,496
52,333
52,49
52,68
52,438
52,29
52,83
52,334
52,298
52,200
52,227
52,20
52,3
52,434
52,324
52,24
52,458
52,387
52,61
52,304
52,63
53,486
53,218
53,87
53,219
53,389
53,372
53,178
53,479
53,251
53,141
53,262
53,475
53,122
53,405
53,15
53,128
54,302
54,371
54,18
54,380
54,188
54,244
54,27
54,157
54,396
54,61
54,461
54,185
54,14
54,358
54,147
54,9
54,410
54,262
54,266
54,56
54,298
54,449
54,141
54,125
54,335
54,450
54,317
54,281
54,458
55,73
55,13
55,327
55,157
55,106
55,267
55,488
55,223
55,89
55,78
55,411
55,477
55,236
55,271
55,112
55,487
55,491
55,68
56,319
56,481
56,355
56,171
56,460
56,343
56,302
56,191
56,375
56,185
56,102
56,283
56,486
56,434
56,128
56,238
56,38
56,137
56,290
56,96
56,19
56,230
56,214
56,301
56,28
56,396
56,222
56,23
56,402
56,205
56,26
56,417
56,346
56,232
56,366
56,6
56,409
56,189
56,119
56,143
56,496
56,429
56,494
56,262
56,200
56,289
56,477
56,432
56,91
56,340
57,88
57,92
57,384
57,302
57,377
57,238
57,257
57,459
57,409
57,141
57,65
57,42
57,95
57,460
58,23
58,332
58,438
58,36
58,330
58,180
58,470
58,70
58,196
58,103
58,78
58,73
58,163
58,422
58,478
58,240
58,285
58,185
58,297
58,186
58,59
58,28
58,309
58,383
58,245
58,219
58,448
59,261
59,299
59,71
59,129
59,45
59,281
59,264
59,227
59,27
59,397
59,123
59,419
59,269
59,174
59,398
59,487
59,23
59,58
59,459
59,306
59,35
59,250
59,176
59,448
60,220
60,241
60,332
60,234
60,155
60,154
60,233
60,49
60,68
60,159
60,381
60,37
60,144
60,109
60,301
61,78
61,97
61,272
61,367
61,438
61,419
61,218
61,188
61,274
61,444
61,382
61,52
61,54
61,450
61,392
61,313
61,41
61,234
62,315
62,328
62,259
62,141
62,269
62,34
62,104
62,262
62,29
62,298
62,236
62,86
62,386
62,454
62,450
62,334
62,482
62,32
62,101
62,110
63,239
63,383
63,217
63,52
63,28
63,449
63,5
63,287
63,83
63,230
63,173
63,94
63,220
63,433
63,447
63,175
63,115
63,160
63,171
64,222
64,185
64,413
64,252
64,105
64,69
64,12
64,205
64,374
64,120
64,419
64,347
64,323
64,362
64,250
64,340
64,411
64,123
64,470
64,142
64,81
64,336
65,465
65,222
65,24
65,44
65,179
65,324
65,68
65,333
65,50
65,148
65,190
65,273
65,155
65,150
65,212
65,57
65,331
65,173
65,209
65,171
65,134
65,451
65,488
65,102
66,436
66,313
66,263
66,396
66,183
66,187
66,57
66,464
66,213
66,280
66,175
66,167
66,190
66,289
66,35
66,434
66,25
66,395
66,466
67,219
67,184
67,14
67,141
67,96
67,105
67,397
67,225
67,29
67,148
67,305
67,220
67,40
67,463
67,211
67,487
67,16
67,221
67,156
67,108
67,489
67,342
67,79
67,190
68,360
68,394
68,319
68,350
68,196
68,326
68,405
68,55
68,291
68,318
68,274
68,311
68,355
68,144
68,145
68,211
68,4
68,308
68,463
68,65
68,34
68,484
68,208
69,268
69,126
69,438
69,105
69,114
69,51
69,236
69,445
69,155
69,203
69,417
69,416
69,380
69,376
69,297
69,403
69,263
69,360
69,149
69,493
69,498
70,404
70,229
70,93
70,188
70,258
70,431
70,397
70,185
70,141
70,205
70,391
70,310
70,407
70,248
70,454
70,334
70,358
70,364
71,345
71,202
71,182
71,359
71,467
71,481
71,13
71,323
71,41
71,331
71,181
71,242
71,317
71,170
71,427
71,470
71,378
72,241
72,298
72,178
72,363
72,19
72,474
72,481
72,367
72,84
72,267
72,403
72,274
72,485
72,374
72,170
72,160
72,424
72,310
72,431
72,129
73,262
73,211
73,410
73,21
73,460
73,157
73,300
73,418
73,285
73,337
73,442
73,359
73,423
73,183
73,1
73,231
73,185
73,32
73,472
73,408
73,445
73,413
73,91
73,160
73,411
73,110
73,427
73,315
73,222
73,336
73,278
73,223
73,93
73,190
73,416
73,330
73,335
73,426
73,295
73,75
73,46
73,319
73,177
73,213
73,479
73,329
74,434
74,141
74,491
74,472
74,324
74,474
74,320
74,241
74,151
74,213
74,455
74,144
74,492
74,288
74,192
74,372
75,402
75,491
75,386
75,134
75,101
75,211
75,218
75,233
75,73
75,438
75,373
75,185
75,312
75,35
75,426
76,442
76,262
76,109
76,433
76,362
76,392
76,449
76,375
76,166
76,454
76,33
76,417
76,308
76,30
76,312
76,425
76,310
76,153
76,466
77,254
77,37
77,262
77,16
77,358
77,15
77,117
77,272
77,273
77,137
77,278
77,152
77,375
77,39
77,480
77,404
77,399
77,454
78,107
78,33
78,262
78,409
78,487
78,142
78,317
78,113
78,163
78,379
78,400
78,210
78,27
78,288
78,460
78,55
78,388
78,90
78,223
78,442
78,375
78,386
78,172
78,368
79,150
79,251
79,270
79,403
79,356
79,332
79,122
79,448
79,305
79,461
79,66
79,442
79,203
79,245
79,236
79,191
79,252
79,460
79,163
79,324
79,109
79,313
79,16
79,67
79,413
79,172
79,215
79,20
79,344
79,449
79,265
79,368
79,293
79,219
79,100
79,40
79,480
79,152
79,260
79,500
79,96
80,325
80,107
80,308
80,250
80,256
80,439
80,195
80,129
80,277
80,400
80,234
80,154
80,331
80,287
80,466
80,161
80,390
80,163
81,64
81,200
81,11
81,145
81,279
81,14
81,9
81,280
81,43
81,420
81,429
81,394
81,451
81,182
81,457
81,321
81,226
81,487
82,362
82,425
82,141
82,230
82,46
82,484
82,281
82,223
82,22
82,341
82,275
82,409
82,263
82,256
82,131
82,440
83,208
83,318
83,204
83,192
83,188
83,148
83,116
83,299
83,238
83,344
83,24
83,63
83,281
83,209
83,95
83,285
83,174
83,126
83,278
84,344
84,152
84,331
84,293
84,436
84,382
84,458
84,337
84,141
84,271
84,349
84,406
84,72
84,114
84,15
84,112
84,47
84,414
84,425
84,236
85,403
85,466
85,120
85,100
85,7
85,463
85,345
85,375
85,356
85,474
85,192
85,102
85,376
85,306
85,246
85,228
85,40
85,452
86,39
86,48
86,144
86,147
86,295
86,112
86,223
86,385
86,417
86,335
86,340
86,468
86,62
86,282
86,395
86,411
86,165
86,162
87,354
87,403
87,464
87,419
87,234
87,78
87,168
87,141
87,430
87,88
87,261
87,40
87,151
87,248
87,5
87,381
87,270
88,57
88,329
88,91
88,412
88,299
88,267
88,19
88,168
88,152
88,335
88,226
88,354
88,87
88,15
88,154
88,404
89,269
89,420
89,402
89,413
89,176
89,243
89,221
89,131
89,318
89,360
89,307
89,175
89,390
89,55
89,298
89,482
89,385
89,355
89,158
90,141
90,257
90,345
90,214
90,443
90,78
90,339
90,155
90,281
90,409
90,301
90,341
90,178
90,35
90,3
90,279
90,316
91,189
91,164
91,397
91,57
91,254
91,208
91,51
91,431
91,182
91,417
91,276
91,56
91,407
91,219
91,135
91,261
91,121
91,400
92,46
92,185
92,131
92,2
92,434
92,402
92,350
92,120
92,280
92,441
92,125
92,60
92,255
92,112
92,387
92,7
92,271
92,247
92,432
93,436
93,261
93,445
93,397
93,73
93,126
93,242
93,415
93,184
93,313
93,60
93,147
93,413
93,238
93,401
93,492
93,262
93,392
93,351
93,70
93,84
94,343
94,51
94,387
94,457
94,56
94,455
94,111
94,400
94,377
94,371
94,328
94,323
94,496
94,282
94,357
94,179
94,209
95,48
95,434
95,251
95,1
95,57
95,83
95,43
95,157
95,177
95,315
95,498
95,280
95,129
95,356
95,373
95,218
95,492
95,411
96,493
96,196
96,329
96,224
96,354
96,99
96,184
96,79
96,463
96,397
96,325
96,104
96,67
96,56
96,359
96,266
96,25
97,23
97,407
97,392
97,311
97,166
97,463
97,206
97,106
97,436
97,437
97,2
97,220
97,7
97,201
97,345
97,469
97,444
97,456
97,346
97,102
97,211
97,49
97,402
97,195
97,290
97,378
97,375
97,16
97,397
97,173
98,6
98,111
98,178
98,280
98,160
98,253
98,474
98,106
98,400
98,80
98,382
98,338
98,334
98,485
98,293
98,468
98,361
99,225
99,44
99,440
99,442
99,418
99,181
99,267
99,3
99,193
99,269
99,438
99,162
99,112
99,215
99,330
99,394
99,387
99,197
99,372
99,22
100,397
100,237
100,382
100,261
100,403
100,262
100,448
100,257
100,167
100,471
100,410
100,37
100,111
100,133
100,85
100,424
100,472
100,150
100,79
100,313
100,467
101,141
101,471
101,353
101,447
101,402
101,400
101,62
101,214
101,418
101,135
101,105
101,12
101,332
101,185
101,413
101,389
101,89
101,344
101,456
101,182
101,388
101,263
101,403
101,43
101,365
101,32
101,454
101,131
101,317
101,15
101,289
102,315
102,409
102,218
102,175
102,297
102,429
102,480
102,487
102,65
102,233
102,313
102,31
102,310
102,56
102,229
102,231
102,85
102,43
102,133
102,34
102,486
102,35
102,384
102,372
103,401
103,270
103,421
103,271
103,4
103,415
103,328
103,38
103,220
103,246
103,122
103,169
103,420
103,144
103,429
103,455
103,217
103,339
103,389
103,168
104,86
104,319
104,84
104,21
104,235
104,122
104,349
104,369
104,386
104,141
104,440
104,227
104,423
104,387
104,187
104,303
104,62
105,2
105,451
105,302
105,140
105,477
105,283
105,259
105,7
105,450
105,268
105,125
105,163
105,335
105,444
105,454
105,20
105,315
105,101
105,162
105,229
105,495
105,366
105,113
105,334
105,121
105,117
105,122
105,67
105,430
105,225
105,472
105,150
106,298
106,468
106,445
106,385
106,114
106,360
106,231
106,149
106,402
106,122
106,463
106,345
106,107
106,158
106,375
106,55
106,241
106,150
106,35
106,413
106,240
106,405
106,451
107,139
107,423
107,155
107,441
107,453
107,67
107,253
107,373
107,106
107,114
107,410
107,48
107,40
107,162
107,369
108,98
108,81
108,21
108,133
108,206
108,111
108,393
108,67
108,201
108,32
108,105
108,106
108,3
108,244
108,390
109,262
109,444
109,185
109,251
109,46
109,123
109,117
109,435
109,60
109,241
109,341
109,120
109,79
109,76
109,164
109,425
109,253
109,347
110,434
110,152
110,389
110,223
110,402
110,185
110,73
110,171
110,322
110,298
110,310
110,62
110,426
110,343
110,335
110,268
111,355
111,351
111,100
111,428
111,303
111,474
111,125
111,440
111,267
111,450
111,350
111,32
111,98
111,232
111,454
111,128
111,446
111,416
111,285
112,350
112,153
112,99
112,92
112,36
112,473
112,55
112,221
112,13
112,17
112,181
112,436
112,5
112,84
112,220
112,137
112,494
112,145
112,500
112,483
112,329
112,66
112,61
112,377
112,27
112,415
112,492
112,32
113,410
113,346
113,21
113,219
113,105
113,495
113,403
113,453
113,262
113,425
113,343
113,432
113,444
113,185
113,248
114,365
114,128
114,22
114,35
114,348
114,209
114,397
114,303
114,84
114,263
114,219
114,438
114,142
114,27
114,132
114,321
114,264
114,200
114,362
114,496
114,226
114,341
114,281
114,206
115,375
115,139
115,435
115,373
115,63
115,491
115,178
115,484
115,283
115,394
115,6
115,397
115,471
115,344
115,3
115,345
115,408
115,371
115,257
116,413
116,352
116,410
116,334
116,96
116,220
116,451
116,78
116,363
116,50
116,169
116,356
116,417
116,249
116,16
116,199
116,369
116,146
116,150
117,368
117,144
117,396
117,422
117,105
117,441
117,220
117,386
117,314
117,322
117,213
117,86
117,109
117,77
117,451
117,395
118,261
118,426
118,415
118,197
118,288
118,433
118,141
118,344
118,6
118,171
118,264
118,174
118,337
118,230
118,225
118,478
118,456
119,424
119,262
119,181
119,391
119,410
119,175
119,67
119,156
119,251
119,483
119,356
119,298
119,467
119,348
119,242
119,191
119,428
119,148
120,435
120,185
120,64
120,163
120,441
120,178
120,431
120,319
120,71
120,360
120,60
120,251
120,219
120,305
120,96
120,330
120,109
120,31
120,356
120,92
120,27
120,453
120,297
120,136
120,244
120,443
120,112
120,48
120,101
120,128
120,380
120,203
120,144
120,275
120,404
120,8
120,135
120,432
120,138
120,161
120,264
120,14
120,205
120,194
120,204
120,218
120,37
120,367
120,32
120,262
120,287
120,238
120,190
120,386
120,323
120,152
120,456
120,86
120,331
120,224
120,403
120,341
120,487
120,481
120,454
120,2
120,458
120,145
120,472
120,85
120,327
120,387
120,248
120,259
121,14
121,136
121,347
121,68
121,91
121,377
121,105
121,236
121,262
121,246
121,273
121,13
121,389
121,379
121,249
121,412
121,334
121,25
121,260
121,270
122,18
122,166
122,100
122,165
122,75
122,153
122,341
122,102
122,330
122,202
122,457
122,139
122,53
122,399
122,149
122,282
122,34
122,410
122,162
122,105
122,420
122,236
122,189
122,79
122,160
122,170
122,454
122,179
122,405
122,452
122,4
122,103
122,104
122,204
122,106
123,141
123,487
123,64
123,149
123,261
123,12
123,73
123,481
123,383
123,438
123,83
123,262
123,42
123,322
123,319
123,8
123,258
123,231
123,279
123,16
123,153
123,357
124,100
124,302
124,468
124,36
124,199
124,475
124,33
124,274
124,345
124,392
124,290
124,431
124,297
124,423
124,160
124,289
124,356
124,165
124,207
124,115
124,34
124,457
124,401
124,413
124,496
124,204
124,433
124,378
124,316
124,42
124,23
125,45
125,349
125,57
125,295
125,441
125,155
125,184
125,363
125,24
125,438
125,336
125,500
125,92
125,151
125,386
125,211
125,111
126,83
126,305
126,417
126,220
126,73
126,318
126,42
126,493
126,459
126,165
126,357
126,379
126,155
126,329
126,93
126,389
127,481
127,264
127,8
127,302
127,318
127,403
127,143
127,131
127,272
127,410
127,108
127,25
127,226
127,457
127,402
127,278
127,448
128,79
128,182
128,1
128,53
128,111
128,199
128,330
128,387
128,318
128,114
128,181
128,488
128,164
128,428
128,56
128,120
128,454
128,190
129,52
129,95
129,472
129,391
129,42
129,218
129,262
129,290
129,302
129,448
129,73
129,354
129,45
129,408
129,147
129,80
129,405
130,151
130,285
130,393
130,315
130,263
130,353
130,138
130,291
130,347
130,342
130,178
130,183
130,333
130,341
130,360
130,281
130,156
130,325
130,452
131,400
131,216
131,317
131,321
131,325
131,238
131,101
131,82
131,228
131,391
131,316
131,135
131,251
131,441
131,466
131,454
131,89
131,480
131,92
132,137
132,65
132,45
132,217
132,398
132,185
132,493
132,420
132,177
132,251
132,123
132,113
132,395
132,302
132,262
132,159
132,351
132,329
132,316
132,114
132,49
132,207
132,19
132,203
132,231
132,37
132,220
132,379
132,488
133,157
133,482
133,255
133,68
133,490
133,88
133,102
133,100
133,296
133,141
133,228
133,449
133,10
133,341
133,108
133,446
133,395
133,451
134,296
134,333
134,260
134,16
134,436
134,283
134,258
134,449
134,185
134,358
134,60
134,65
134,454
134,140
134,306
134,446
134,318
134,75
135,337
135,217
135,236
135,397
135,91
135,400
135,17
135,292
135,210
135,255
135,14
135,386
135,136
135,421
135,101
135,21
135,145
135,259
135,432
136,224
136,358
136,186
136,257
136,285
136,254
136,221
136,219
136,352
136,455
136,159
136,291
136,242
136,271
136,415
136,412
136,380
136,135
136,113
136,65
136,315
136,317
136,207
136,155
136,279
136,249
136,166
136,443
136,456
136,387
136,174
136,370
136,152
136,163
136,272
136,214
136,392
136,416
136,481
136,120
136,369
136,326
136,232
137,177
137,3
137,5
137,241
137,212
137,262
137,192
137,361
137,391
137,409
137,224
137,6
137,251
137,339
137,132
137,112
137,77
138,39
138,315
138,188
138,331
138,213
138,240
138,295
138,335
138,233
138,351
138,17
138,439
138,424
138,35
138,278
138,217
138,314
138,120
138,451
138,36
139,86
139,110
139,466
139,142
139,345
139,67
139,472
139,120
139,216
139,91
139,101
139,224
139,421
139,349
139,179
139,115
139,410
140,218
140,374
140,154
140,262
140,228
140,277
140,296
140,134
140,152
140,420
140,147
140,185
140,453
140,105
140,45
140,377
141,192
141,386
141,36
141,370
141,411
141,302
141,221
141,142
141,432
141,210
141,391
141,297
141,167
141,123
141,90
141,257
141,62
141,104
141,151
141,133
141,358
141,407
141,67
141,454
141,348
141,20
141,19
141,478
141,334
141,143
141,341
141,70
141,87
142,114
142,15
142,176
142,298
142,469
142,64
142,421
142,172
142,256
142,307
142,414
142,408
142,139
142,333
142,181
142,321
142,141
142,259
142,78
142,19
143,335
143,25
143,359
143,113
143,14
143,289
143,464
143,250
143,166
143,141
143,329
143,417
143,40
143,454
143,437
143,451
143,56
143,127
143,167
143,276
144,353
144,31
144,177
144,403
144,492
144,219
144,390
144,175
144,168
144,478
144,123
144,434
144,308
144,381
144,103
144,493
144,347
144,60
144,289
144,483
144,203
144,443
144,44
144,448
144,302
144,80
144,407
144,494
144,466
144,68
144,455
144,363
144,340
144,106
144,368
144,117
144,313
144,74
144,86
144,437
144,120
144,233
144,331
145,386
145,418
145,126
145,68
145,480
145,135
145,240
145,54
145,20
145,166
145,120
145,208
145,348
145,47
145,168
145,262
145,248
145,192
145,363
145,333
145,337
145,187
145,322
145,209
145,263
145,112
145,175
145,334
145,432
145,185
145,347
145,81
146,50
146,333
146,438
146,379
146,358
146,262
146,100
146,236
146,410
146,116
146,352
146,161
146,384
146,390
146,187
146,470
146,425
146,348
146,455
146,375
146,267
146,377
147,262
147,285
147,333
147,495
147,454
147,113
147,413
147,328
147,499
147,140
147,411
147,129
147,377
147,373
147,428
147,93
147,54
147,156
148,362
148,105
148,119
148,430
148,302
148,403
148,449
148,443
148,240
148,318
148,464
148,383
148,474
148,435
148,379
148,465
148,4
148,417
149,243
149,262
149,170
149,438
149,226
149,315
149,66
149,367
149,264
149,289
149,69
149,463
149,239
149,122
149,46
149,426
149,481
149,422
149,161
149,468
149,106
149,123
149,43
149,8
149,190
149,26
150,116
150,79
150,100
150,157
150,106
150,392
150,105
150,276
150,163
150,470
150,65
150,318
150,481
150,336
150,313
150,304
150,449
150,174
150,289
150,421
150,215
150,320
151,485
151,276
151,387
151,358
151,254
151,307
151,460
151,251
151,452
151,486
151,373
151,286
151,396
151,78
151,32
151,351
151,222
151,8
151,120
151,218
151,196
151,378
151,178
151,154
151,141
151,156
151,397
151,105
151,87
151,410
151,438
151,185
151,271
151,11
151,125
151,323
151,130
151,249
151,420
151,298
151,296
151,74
152,315
152,42
152,41
152,13
152,480
152,384
152,391
152,252
152,255
152,238
152,8
152,79
152,453
152,48
152,364
152,218
152,162
152,403
152,319
152,449
152,197
152,405
152,135
152,196
152,297
152,418
152,410
152,370
152,131
152,481
152,39
152,409
152,300
152,219
152,262
152,225
152,381
152,120
152,389
152,278
152,339
152,88
152,153
153,427
153,152
153,497
153,481
153,189
153,363
153,472
153,25
153,176
153,476
153,490
153,219
153,438
153,76
153,199
153,188
153,262
153,258
153,320
153,479
153,135
153,269
153,12
153,123
153,112
153,454
154,313
154,88
154,236
154,262
154,25
154,247
154,308
154,335
154,155
154,389
154,411
154,428
154,174
154,151
154,60
154,80
154,245
155,203
155,302
155,267
155,9
155,65
155,262
155,419
155,123
155,45
155,185
155,498
155,126
155,154
155,60
155,165
155,107
155,449
155,90
155,136
155,403
156,243
156,20
156,279
156,147
156,96
156,136
156,408
156,34
156,436
156,426
156,194
156,177
156,67
156,130
156,281
156,257
156,456
156,337
156,7
156,17
156,157
156,262
156,170
156,14
156,454
156,30
156,278
157,363
157,249
157,171
157,243
157,262
157,425
157,376
157,431
157,183
157,396
157,298
157,267
157,240
157,55
157,54
157,325
158,185
158,456
158,445
158,262
158,380
158,231
158,106
158,74
158,371
158,89
158,151
158,275
158,216
158,201
158,386
158,454
158,395
158,37
158,189
158,372
159,5
159,375
159,175
159,389
159,492
159,14
159,500
159,435
159,53
159,429
159,495
159,198
159,386
160,6
160,344
160,82
160,290
160,73
160,72
160,122
160,185
160,32
160,395
160,63
160,346
160,251
160,43
160,302
160,463
160,288
160,367
160,348
160,438
160,398
160,410
160,362
160,243
160,124
160,48
160,163
160,98
161,136
161,231
161,316
161,272
161,149
161,274
161,483
161,80
161,301
161,449
161,494
161,220
161,120
161,386
161,445
161,219
161,326
161,342
162,192
162,357
162,424
162,405
162,105
162,107
162,175
162,173
162,217
162,133
162,231
162,86
162,392
162,407
162,99
162,492
162,384
162,152
162,16
162,342
162,364
162,377
163,319
163,314
163,335
163,105
163,449
163,332
163,294
163,136
163,386
163,191
163,160
163,80
163,150
163,228
163,190
163,346
163,6
163,49
163,311
163,48
163,454
163,164
163,36
163,78
163,13
163,425
164,109
164,236
164,262
164,389
164,105
164,315
164,483
164,219
164,396
164,104
164,128
164,65
164,193
164,414
164,163
164,220
164,139
164,335
164,5
164,179
164,282
164,347
164,456
164,415
164,215
164,332
164,378
165,20
165,284
165,299
165,436
165,86
165,151
165,155
165,468
165,403
165,334
165,345
165,396
165,196
165,500
165,14
165,11
165,124
165,394
165,316
166,288
166,242
166,321
166,8
166,483
166,2
166,454
166,303
166,500
166,229
166,476
166,497
166,382
166,328
166,136
166,5
166,97
166,145
166,122
166,324
167,196
167,9
167,350
167,467
167,357
167,267
167,417
167,7
167,233
167,432
167,143
167,466
167,316
167,220
167,459
167,185
167,141
167,413
167,65
167,33
167,168
167,100
167,317
167,193
167,374
167,32
167,296
167,50
167,66
167,199
168,88
168,103
168,122
168,188
168,200
168,262
168,488
168,19
168,47
168,202
168,141
168,354
168,476
168,10
168,461
168,420
168,167
168,145
168,87
168,277
169,196
169,168
169,122
169,456
169,157
169,345
169,359
169,55
169,105
169,337
169,254
169,252
169,170
169,197
169,498
169,218
169,222
170,26
170,238
170,359
170,313
170,169
170,71
170,72
170,251
170,122
170,318
170,266
170,156
170,481
170,495
170,341
170,368
170,149
170,416
171,249
171,262
171,78
171,397
171,65
171,336
171,63
171,367
171,487
171,328
171,484
171,41
171,237
171,13
171,300
171,384
171,273
171,223
171,456
171,191
171,106
171,379
171,77
171,118
171,248
171,4
171,299
171,56
172,8
172,38
172,217
172,419
172,6
172,294
172,64
172,112
172,78
172,434
172,319
172,495
172,362
172,79
172,181
172,496
173,403
173,218
173,342
173,127
173,386
173,318
173,472
173,267
173,97
173,65
173,457
173,188
173,447
173,483
173,460
173,63
173,315
174,413
174,102
174,233
174,45
174,486
174,438
174,244
174,59
174,219
174,241
174,411
174,262
174,148
174,186
174,226
174,83
174,40
174,491
174,493
174,51
174,437
174,494
174,14
174,490
174,54
174,285
174,234
174,154
174,255
174,271
174,150
174,41
174,126
174,118
174,325
174,342
174,180
174,394
174,205
174,251
174,136
175,332
175,331
175,397
175,263
175,477
175,465
175,63
175,100
175,26
175,237
175,145
175,78
175,89
175,207
175,219
175,475
175,225
175,410
175,22
175,445
175,200
175,414
175,159
176,351
176,185
176,327
176,285
176,427
176,95
176,236
176,59
176,78
176,181
176,248
176,333
176,354
176,325
176,472
176,153
176,202
176,4
177,73
177,50
177,403
177,160
177,190
177,359
177,302
177,438
177,332
177,354
177,169
177,360
177,497
177,344
177,481
177,235
177,216
177,410
177,295
177,144
177,193
177,316
177,433
177,427
177,95
178,424
178,442
178,378
178,90
178,477
178,133
178,27
178,141
178,290
178,300
178,175
178,130
178,223
178,304
178,323
178,310
178,72
178,379
179,456
179,94
179,348
179,305
179,122
179,361
179,31
179,360
179,241
179,139
179,220
179,18
179,4
179,190
179,458
179,313
179,349
179,164
179,340
179,443
179,401
180,389
180,438
180,323
180,214
180,463
180,294
180,208
180,174
180,296
180,20
180,252
180,7
180,293
180,189
180,234
180,281
181,391
181,400
181,148
181,364
181,172
181,338
181,403
181,142
181,218
181,176
181,230
181,220
181,110
181,429
181,106
181,30
181,47
181,40
181,427
181,459
181,404
181,346
181,410
181,51
181,128
181,112
181,426
181,483
181,405
181,332
181,474
181,190
181,284
181,454
182,135
182,163
182,251
182,417
182,124
182,496
182,344
182,81
182,60
182,421
182,365
182,19
182,214
182,411
182,466
182,91
182,71
183,9
183,331
183,344
183,279
183,221
183,488
183,341
183,379
183,460
183,316
183,120
183,441
183,73
183,430
183,400
183,206
183,457
183,491
183,334
183,127
184,91
184,456
184,236
184,113
184,192
184,386
184,391
184,348
184,136
184,382
184,442
184,457
184,93
184,430
184,96
184,336
184,399
184,491
184,287
185,500
185,400
185,239
185,145
185,323
185,257
185,481
185,399
185,376
185,223
185,113
185,343
185,199
185,498
185,70
185,253
185,167
185,221
185,312
185,415
185,120
185,64
185,54
185,132
185,278
185,155
185,410
185,361
185,284
185,211
185,314
185,358
185,140
185,454
185,215
185,292
185,364
185,300
185,73
185,92
185,336
185,441
185,277
185,392
186,149
186,334
186,50
186,12
186,78
186,223
186,97
186,208
186,300
186,439
186,318
186,291
186,58
186,16
186,425
186,364
186,174
186,343
186,136
187,191
187,206
187,51
187,104
187,73
187,146
187,5
187,358
187,426
187,455
187,6
187,398
187,467
187,145
187,223
187,370
187,433
187,218
187,363
188,124
188,366
188,260
188,306
188,32
188,262
188,105
188,357
188,269
188,313
188,484
188,350
188,15
188,288
188,168
188,138
188,12
188,54
188,341
188,403
188,61
188,46
188,83
188,16
188,2
189,475
189,397
189,481
189,23
189,483
189,180
189,209
189,409
189,135
189,158
189,231
189,153
189,243
189,327
189,471
189,56
190,238
190,149
190,268
190,73
190,67
190,443
190,212
190,53
190,227
190,56
190,262
190,181
190,467
190,291
190,14
190,424
190,163
190,332
190,128
190,383
190,27
190,258
190,482
190,487
190,204
190,20
190,184
190,66
190,179
190,115
190,10
190,210
190,218
190,29
190,461
190,108
190,457
190,60
190,408
190,303
190,233
190,454
190,400
190,475
190,459
190,478
190,120
190,65
190,249
190,5
190,13
191,149
191,216
191,344
191,119
191,269
191,401
191,211
191,94
191,298
191,173
191,324
191,246
191,4
191,56
191,163
191,79
191,322
191,430
191,232
191,171
191,308
191,46
191,388
191,201
192,373
192,463
192,375
192,295
192,286
192,363
192,472
192,462
192,233
192,74
192,415
192,185
192,307
192,283
192,362
192,400
192,162
192,83
192,35
193,177
193,397
193,459
193,475
193,429
193,455
193,225
193,32
193,173
193,120
193,87
193,141
193,164
193,167
193,500
193,15
194,73
194,282
194,453
194,467
194,149
194,377
194,244
194,74
194,257
194,409
194,397
194,491
194,421
194,362
194,418
194,352
194,156
194,457
194,120
194,398
194,21
195,242
195,244
195,224
195,299
195,400
195,376
195,278
195,419
195,314
195,489
195,476
195,163
195,241
195,80
195,259
195,230
195,469
195,97
196,436
196,498
196,316
196,360
196,165
196,363
196,173
196,19
196,388
196,14
196,286
196,131
196,68
196,418
196,167
196,256
196,151
197,402
197,256
197,99
197,174
197,245
197,169
197,403
197,29
197,475
197,96
197,22
197,336
197,152
197,345
197,118
197,268
197,367
197,454
197,379
197,337
198,398
198,437
198,432
198,257
198,450
198,413
198,263
198,334
198,391
198,90
198,421
198,289
198,17
198,273
198,412
198,302
199,160
199,206
199,327
199,167
199,426
199,297
199,116
199,468
199,412
199,185
199,485
199,22
199,29
199,128
199,153
199,414
199,448
199,31
200,56
200,344
200,35
200,454
200,48
200,114
200,175
200,403
200,243
200,362
200,444
200,445
200,313
200,81
200,168
200,10
200,249
200,448
200,468
201,48
201,158
201,187
201,61
201,385
201,191
201,344
201,26
201,262
201,451
201,438
201,388
201,278
201,375
201,108
201,211
201,35
201,97
201,457
202,359
202,176
202,134
202,451
202,124
202,266
202,141
202,237
202,453
202,381
202,157
202,246
202,168
202,211
202,71
203,327
203,132
203,129
203,400
203,326
203,1
203,324
203,478
203,319
203,398
203,114
203,396
203,373
203,427
203,494
203,144
204,449
204,335
204,177
204,122
204,314
204,14
204,409
204,124
204,476
204,332
204,430
204,83
204,333
204,295
205,394
205,456
205,174
205,418
205,498
205,217
205,28
205,441
205,313
205,264
205,192
205,20
205,2
205,479
205,1
205,35
205,120
205,430
205,16
205,365
205,138
205,148
206,36
206,440
206,403
206,442
206,462
206,459
206,73
206,463
206,114
206,76
206,183
206,397
206,187
206,266
206,338
206,332
207,471
207,267
207,426
207,462
207,398
207,366
207,180
207,175
207,262
207,325
207,408
207,1
207,136
207,396
207,225
207,291
207,236
208,356
208,32
208,81
208,189
208,68
208,457
208,120
208,67
208,105
208,397
208,262
208,335
208,180
208,438
208,186
208,392
209,453
209,229
209,83
209,344
209,53
209,68
209,438
209,349
209,458
209,355
209,65
209,457
209,321
209,326
209,268
209,365
209,286
209,145
209,261
209,288
210,241
210,198
210,141
210,71
210,490
210,407
210,144
210,320
210,391
210,264
210,256
210,219
210,433
210,334
210,190
210,267
211,454
211,234
211,253
211,274
211,18
211,382
211,25
211,393
211,464
211,319
211,68
211,191
211,125
211,417
211,430
211,262
211,157
211,201
211,425
211,133
211,436
211,386
211,224
211,67
211,256
211,8
211,44
211,442
211,185
211,192
211,324
211,30
211,249
211,202
211,389
211,73
211,97
211,251
212,220
212,356
212,8
212,117
212,207
212,65
212,332
212,218
212,452
212,233
212,318
212,298
212,297
212,137
212,373
212,419
212,249
212,337
213,354
213,68
213,94
213,401
213,350
213,337
213,87
213,471
213,78
213,317
213,3
213,73
213,66
213,473
213,318
213,341
213,74
213,457
213,458
213,138
214,321
214,283
214,243
214,348
214,397
214,230
214,138
214,198
214,26
214,262
214,136
214,182
214,90
214,339
214,295
214,395
215,99
215,236
215,106
215,463
215,185
215,150
215,336
215,466
215,389
215,330
215,164
215,162
215,281
215,425
215,31
215,378
215,433
216,181
216,158
216,283
216,397
216,265
216,413
216,315
216,167
216,345
216,177
216,400
216,278
216,425
216,233
217,117
217,390
217,301
217,452
217,114
217,340
217,138
217,356
217,103
217,193
217,475
217,490
217,132
217,172
217,48
217,63
217,487
218,351
218,4
218,95
218,487
218,181
218,187
218,483
218,169
218,319
218,332
218,241
218,82
218,48
218,61
218,173
218,381
218,190
218,140
218,223
218,53
218,238
218,454
218,45
218,129
218,212
219,283
219,91
219,58
219,262
219,161
219,247
219,191
219,282
219,59
219,211
219,175
219,168
219,400
219,278
219,454
219,372
219,136
219,144
219,67
219,494
219,152
219,435
219,292
219,266
219,12
219,442
219,340
219,233
220,63
220,312
220,310
220,81
220,35
220,446
220,308
220,132
220,202
220,152
220,275
220,67
220,97
220,116
220,303
220,261
220,283
220,286
220,254
220,126
220,161
220,103
221,19
221,298
221,8
221,71
221,456
221,78
221,67
221,393
221,14
221,367
221,185
221,240
221,183
221,89
221,260
221,398
221,454
221,225
222,438
222,371
222,288
222,495
222,169
222,203
222,267
222,456
222,457
222,73
222,247
222,406
222,250
222,273
222,416
222,65
222,64
223,187
223,302
223,178
223,78
223,265
223,366
223,73
223,72
223,218
223,454
223,233
223,332
223,493
223,86
223,299
223,110
223,186
223,55
223,82
224,39
224,120
224,373
224,301
224,238
224,264
224,390
224,170
224,454
224,32
224,493
224,347
224,467
224,458
224,230
224,139
224,136
224,350
224,137
225,152
225,175
225,276
225,353
225,310
225,413
225,118
225,440
225,231
225,221
225,207
225,105
225,193
225,363
225,386
225,67
226,114
226,81
226,463
226,440
226,201
226,67
226,311
226,127
226,65
226,206
226,35
226,149
226,174
226,296
226,378
226,475
227,136
227,306
227,334
227,285
227,101
227,397
227,116
227,185
227,341
227,114
227,128
227,11
227,328
227,52
227,454
227,59
227,439
227,190
227,17
228,269
228,51
228,163
228,447
228,415
228,48
228,360
228,175
228,74
228,332
228,85
228,277
228,464
228,353
228,140
229,113
229,253
229,437
229,471
229,61
229,406
229,153
229,355
229,410
229,102
229,251
229,425
229,423
229,419
229,463
229,105
229,436
229,466
229,202
229,314
229,269
229,489
229,20
229,166
229,364
229,454
230,186
230,195
230,224
230,349
230,363
230,495
230,67
230,380
230,45
230,118
230,480
230,493
230,56
230,478
230,278
230,181
231,380
231,467
231,222
231,494
231,269
231,339
231,132
231,500
231,189
231,321
231,250
231,483
231,123
231,337
231,254
231,102
231,5
231,316
231,354
231,9
231,35
231,413
231,417
231,499
231,73
231,368
231,323
231,162
231,161
231,225
231,429
232,191
232,380
232,355
232,6
232,318
232,136
232,290
232,157
232,252
232,340
232,111
232,301
232,251
232,341
232,441
232,13
232,42
232,384
233,414
233,309
233,80
233,386
233,143
233,262
233,25
233,144
233,480
233,42
233,216
233,355
233,384
233,388
233,498
233,60
233,320
233,174
233,289
233,138
233,428
233,102
233,24
234,10
234,337
234,180
234,61
234,160
234,250
234,262
234,343
234,251
234,389
234,436
234,367
234,211
234,385
234,174
234,274
234,309
234,87
235,99
235,102
235,122
235,177
235,7
235,369
235,251
235,39
235,324
235,449
235,492
235,421
235,32
235,310
235,259
235,29
235,41
236,207
236,39
236,241
236,256
236,137
236,473
236,378
236,45
236,188
236,246
236,400
236,115
236,174
236,413
236,266
236,127
236,323
236,320
236,55
236,31
236,395
236,28
236,482
236,480
236,319
236,485
236,79
236,454
236,478
236,69
236,176
236,426
236,146
236,317
236,253
236,164
236,377
236,215
236,154
236,19
236,379
236,446
236,122
236,62
236,93
237,485
237,363
237,6
237,105
237,354
237,430
237,379
237,161
237,375
237,458
237,347
237,175
237,280
237,171
237,344
237,288
237,373
238,444
238,47
238,215
238,218
238,262
238,492
238,470
238,247
238,462
238,467
238,411
238,442
238,344
238,8
238,369
238,259
238,363
238,56
238,244
238,93
238,352
238,293
238,83
238,281
238,284
238,224
238,374
238,120
238,423
238,443
238,488
239,242
239,5
239,286
239,6
239,164
239,363
239,354
239,67
239,78
239,43
239,149
239,248
239,474
239,276
239,270
239,293
239,93
239,48
239,95
239,452
239,300
239,358
239,262
239,356
239,41
239,471
240,410
240,28
240,349
240,87
240,393
240,157
240,106
240,422
240,3
240,389
240,372
240,395
240,317
240,145
240,58
240,298
240,252
241,375
241,304
241,181
241,371
241,306
241,352
241,74
241,272
241,327
241,284
241,438
241,485
241,402
241,195
241,106
241,325
241,277
241,230
241,141
241,120
241,122
241,174
241,218
241,236
241,451
241,210
241,137
241,469
241,60
241,264
241,179
241,270
241,109
242,409
242,119
242,472
242,49
242,141
242,449
242,182
242,462
242,488
242,408
242,121
242,446
242,316
242,93
242,166
242,239
242,71
242,417
242,195
242,136
243,374
243,173
243,420
243,406
243,417
243,388
243,189
243,100
243,396
243,29
243,342
243,73
243,6
243,156
243,200
243,320
243,160
243,214
243,30
244,262
244,32
244,40
244,297
244,303
244,46
244,458
244,417
244,108
244,315
244,406
244,499
244,440
244,334
244,195
244,357
244,120
244,174
244,238
245,254
245,336
245,58
245,142
245,262
245,154
245,437
245,403
245,409
245,361
245,13
245,108
245,79
245,439
245,15
246,446
246,248
246,331
246,417
246,18
246,442
246,85
246,24
246,326
246,345
246,378
246,202
246,407
246,191
246,483
246,396
246,370
246,458
247,92
247,340
247,168
247,268
247,361
247,33
247,305
247,45
247,163
247,466
247,240
247,344
247,339
247,312
247,222
247,356
248,326
248,201
248,375
248,386
248,10
248,345
248,376
248,181
248,371
248,167
248,456
248,113
248,34
248,461
248,285
248,5
248,277
248,79
248,87
248,171
248,310
248,403
248,130
248,70
248,339
248,57
248,16
248,120
248,443
248,332
248,400
248,73
248,241
248,229
248,432
248,320
248,394
248,426
249,480
249,262
249,121
249,460
249,175
249,108
249,190
249,200
249,151
249,302
249,348
249,454
249,212
249,8
249,318
249,245
249,411
249,16
249,81
249,428
249,116
249,409
249,270
249,481
249,281
249,171
249,367
250,222
250,400
250,11
250,256
250,114
250,39
250,64
250,472
250,180
250,57
250,59
250,6
250,143
250,433
250,341
250,34
251,174
251,486
251,137
251,141
251,149
251,211
251,9
251,278
251,232
251,20
251,123
251,398
251,197
251,157
251,409
251,24
251,262
251,347
251,332
251,131
251,461
251,14
251,312
251,313
251,375
251,349
251,119
251,182
251,109
251,472
251,481
251,330
251,11
251,395
251,419
251,447
251,170
251,489
251,329
251,132
252,180
252,409
252,104
252,28
252,343
252,480
252,301
252,6
252,489
252,253
252,170
252,368
252,127
252,235
252,11
252,456
252,303
252,64
252,4
252,43
252,432
252,240
252,275
252,79
252,485
252,338
252,406
252,389
252,152
252,367
252,70
253,236
253,109
253,259
253,8
253,153
253,193
253,211
253,304
253,432
253,185
253,309
253,456
253,425
253,451
253,98
253,394
253,229
253,395
253,31
254,383
254,438
254,220
254,372
254,299
254,183
254,380
254,354
254,49
254,192
254,291
254,396
254,91
254,136
254,5
255,92
255,454
255,72
255,280
255,239
255,127
255,356
255,38
255,428
255,278
255,302
255,479
255,152
255,135
255,451
255,281
256,355
256,386
256,449
256,82
256,397
256,215
256,403
256,383
256,318
256,351
256,196
256,438
256,447
256,453
256,236
256,293
256,80
256,250
257,282
257,270
257,414
257,86
257,105
257,483
257,345
257,144
257,115
257,141
257,138
257,391
257,265
257,493
257,5
257,10
257,437
257,156
257,289
257,34
257,335
258,273
258,100
258,460
258,363
258,448
258,53
258,469
258,486
258,185
258,262
258,191
258,123
258,153
258,348
258,336
258,190
258,134
259,26
259,294
259,363
259,140
259,418
259,195
259,467
259,142
259,120
259,65
259,105
259,235
259,381
259,367
259,16
259,238
259,345
259,469
259,135
259,409
259,500
259,335
259,303
259,28
260,79
260,403
260,414
260,346
260,426
260,221
260,302
260,152
260,54
260,121
260,275
260,266
260,267
260,325
260,394
260,324
260,134
261,416
261,415
261,438
261,270
261,411
261,492
261,172
261,372
261,209
261,320
261,191
261,477
261,381
261,400
261,40
261,484
261,360
261,392
261,32
261,219
261,497
261,86
261,220
261,91
261,93
261,458
261,118
261,87
261,100
262,500
262,442
262,46
262,449
262,372
262,93
262,157
262,316
262,8
262,64
262,208
262,395
262,484
262,28
262,460
262,418
262,402
262,375
262,56
262,422
262,145
262,499
262,388
262,120
262,164
262,73
262,147
262,47
262,158
262,174
262,14
262,490
262,20
262,476
262,368
262,452
262,378
262,357
262,493
262,76
262,156
262,444
262,119
262,171
262,284
262,201
262,100
262,489
262,113
262,10
262,308
262,149
262,397
262,373
262,234
262,456
262,409
262,245
262,494
262,381
262,258
262,168
262,38
262,78
262,233
262,309
262,54
263,483
263,247
263,93
263,154
263,310
263,308
263,454
263,369
263,332
263,24
263,280
263,380
263,150
263,378
263,406
263,145
263,69
263,365
263,397
263,175
263,82
263,258
263,163
263,66
263,114
263,272
263,130
263,51
263,198
264,445
264,48
264,135
264,114
264,333
264,464
264,123
264,403
264,343
264,409
264,8
264,241
264,413
264,453
264,274
264,205
264,149
264,210
264,385
264,224
264,17
264,337
264,390
264,16
264,442
265,257
265,490
265,452
265,298
265,480
265,188
265,389
265,386
265,347
265,77
265,374
265,458
265,436
265,22
265,15
265,223
265,317
265,34
265,485
266,271
266,149
266,262
266,248
266,96
266,383
266,136
266,434
266,403
266,219
266,72
266,206
266,260
266,374
266,426
266,170
266,393
266,236
267,157
267,396
267,283
267,408
267,353
267,401
267,210
267,260
267,220
267,373
267,47
267,457
267,88
267,20
267,146
267,10
267,433
267,145
267,284
267,346
267,89
267,207
267,111
267,99
267,155
267,167
268,345
268,438
268,330
268,40
268,275
268,197
268,12
268,453
268,487
268,64
268,110
268,209
268,310
268,69
268,26
268,500
268,353
268,334
269,67
269,135
269,329
269,22
269,496
269,326
269,315
269,431
269,15
269,396
269,222
269,59
269,498
269,99
269,228
269,454
269,89
269,349
269,7
269,408
269,62
269,38
269,231
269,8
269,284
269,432
269,411
270,215
270,287
270,117
270,365
270,325
270,10
270,345
270,402
270,244
270,386
270,442
270,87
270,249
270,269
270,406
270,397
270,68
270,290
270,304
270,479
270,121
270,298
270,370
270,241
270,257
270,79
270,351
270,300
271,134
271,390
271,55
271,14
271,92
271,423
271,36
271,320
271,229
271,448
271,226
271,387
271,485
271,359
271,84
271,136
271,266
271,462
271,355
272,338
272,241
272,318
272,218
272,460
272,327
272,322
272,456
272,47
272,263
272,121
272,340
272,136
272,490
272,42
272,359
272,389
273,275
273,321
273,153
273,90
273,356
273,483
273,198
273,188
273,222
273,316
273,290
273,438
273,4
273,278
273,339
273,171
273,65
274,82
274,430
274,389
274,391
274,412
274,28
274,498
274,234
274,339
274,85
274,264
274,445
274,453
274,281
274,68
274,61
274,124
275,169
275,413
275,389
275,482
275,390
275,158
275,105
275,3
275,449
275,353
275,48
275,360
275,120
275,252
275,82
275,220
275,445
275,290
275,411
276,176
276,295
276,151
276,351
276,143
276,259
276,145
276,284
276,10
276,104
276,488
276,438
276,407
276,494
276,239
276,391
276,225
276,348
276,150
276,91
277,500
277,233
277,228
277,185
277,410
277,335
277,18
277,413
277,438
277,286
277,168
277,203
277,430
277,451
277,80
277,241
277,248
278,127
278,73
278,123
278,373
278,287
278,399
278,105
278,403
278,329
278,338
278,138
278,130
278,391
278,380
278,350
278,273
278,492
278,230
278,23
278,185
278,35
278,219
278,485
278,188
278,48
278,172
278,83
278,488
278,125
278,195
278,152
278,385
278,251
278,201
278,158
278,156
278,200
278,150
278,324
278,216
278,291
278,32
278,122
278,183
278,21
278,451
278,430
278,1
278,77
278,477
279,50
279,324
279,90
279,123
279,126
279,407
279,292
279,421
279,192
279,399
279,156
279,486
279,15
279,422
279,81
279,439
280,51
280,399
280,257
280,245
280,305
280,95
280,237
280,360
280,314
280,374
280,463
280,64
280,66
280,81
280,313
280,98
280,454
280,492
280,434
280,92
281,215
281,41
281,476
281,423
281,49
281,42
281,73
281,274
281,456
281,5
281,289
281,374
281,64
281,6
281,294
281,114
281,150
281,249
281,32
281,315
281,378
281,380
281,304
281,255
281,162
281,481
281,238
281,130
281,195
281,292
281,311
281,457
281,15
281,3
281,270
281,387
281,318
281,469
281,54
281,141
281,463
281,151
281,17
281,78
281,180
281,83
281,305
281,461
281,373
281,156
281,444
281,82
281,188
282,64
282,192
282,337
282,326
282,94
282,110
282,226
282,454
282,374
282,6
282,318
282,86
282,493
282,194
282,316
282,421
282,370
282,15
282,257
283,163
283,351
283,473
283,212
283,262
283,8
283,77
283,337
283,192
283,220
283,222
283,280
283,214
283,334
283,387
283,219
283,134
284,490
284,106
284,295
284,414
284,315
284,238
284,185
284,369
284,269
284,181
284,262
284,401
284,330
284,165
284,454
284,429
284,438
285,41
285,262
285,453
285,302
285,345
285,420
285,90
285,218
285,83
285,111
285,48
285,160
285,4
285,130
285,430
285,16
285,334
285,174
285,305
285,73
285,136
285,360
285,368
285,34
286,220
286,210
286,347
286,159
286,8
286,428
286,314
286,323
286,430
286,209
286,192
286,217
286,329
286,196
286,239
286,454
286,327
287,497
287,438
287,434
287,299
287,402
287,80
287,184
287,52
287,10
287,403
287,91
287,61
287,120
287,278
287,449
287,430
287,63
288,237
288,345
288,140
288,75
288,74
288,242
288,188
288,299
288,78
288,223
288,483
288,316
288,468
288,118
288,300
288,160
288,22
288,222
288,94
289,187
289,14
289,66
289,150
289,130
289,53
289,233
289,357
289,257
289,269
289,56
289,322
289,281
289,303
289,198
289,365
289,143
289,448
289,144
289,149
289,366
289,35
290,355
290,449
290,97
290,412
290,1
290,363
290,185
290,275
290,396
290,482
290,112
290,273
290,124
290,232
290,270
290,160
290,129
291,499
291,82
291,281
291,26
291,207
291,364
291,331
291,340
291,500
291,318
291,78
291,374
291,186
291,387
291,24
291,68
291,34
291,130
292,185
292,69
292,397
292,123
292,3
292,5
292,497
292,219
292,71
292,460
292,342
292,356
292,466
292,279
292,135
292,281
292,415
292,430
293,482
293,238
293,157
293,400
293,180
293,483
293,331
293,256
293,8
293,113
293,160
293,98
293,415
293,239
294,228
294,105
294,472
294,413
294,171
294,140
294,463
294,470
294,406
294,391
294,281
294,488
294,163
294,310
294,313
294,259
294,138
295,214
295,497
295,119
295,396
295,30
295,435
295,73
295,471
295,154
295,15
295,177
295,192
295,404
295,138
295,355
295,477
295,284
295,322
295,125
295,413
296,371
296,368
296,40
296,167
296,175
296,226
296,447
296,365
296,151
296,432
296,395
296,397
296,331
296,140
296,377
296,454
296,404
296,323
296,334
297,106
297,212
297,335
297,129
297,35
297,152
297,6
297,281
297,69
297,396
297,392
297,264
297,373
297,58
297,199
297,124
297,458
297,120
297,388
297,102
298,89
298,445
298,394
298,240
298,433
298,196
298,340
298,376
298,151
298,290
298,153
298,483
298,106
298,221
298,371
298,19
298,62
298,157
298,472
298,52
298,495
298,54
298,469
298,15
298,9
298,142
299,439
299,171
299,223
299,452
299,341
299,351
299,207
299,499
299,214
299,441
299,334
299,10
299,165
299,59
299,83
299,195
299,325
299,287
299,288
299,490
300,185
300,413
300,438
300,351
300,345
300,355
300,270
300,440
300,288
300,284
300,163
300,318
300,4
300,381
300,371
300,73
301,265
301,489
301,60
301,465
301,390
301,323
301,481
301,106
301,249
301,394
301,232
301,48
301,309
301,473
301,381
301,161
301,18
301,56
302,198
302,310
302,305
302,362
302,407
302,42
302,337
302,436
302,288
302,500
302,344
302,373
302,487
302,56
302,255
302,141
302,105
302,148
302,177
302,475
302,384
302,23
302,480
302,57
302,321
302,285
302,330
302,307
302,15
302,497
302,48
302,355
302,325
302,223
302,129
302,9
302,260
302,458
302,238
303,103
303,356
303,341
303,185
303,57
303,372
303,220
303,104
303,11
303,193
303,167
303,289
303,114
303,458
303,252
304,119
304,475
304,330
304,78
304,483
304,238
304,150
304,52
304,339
304,478
304,42
304,178
304,281
304,9
304,29
304,333
304,464
304,241
304,426
305,412
305,251
305,123
305,341
305,494
305,442
305,466
305,285
305,485
305,20
305,2
305,198
305,79
305,67
305,386
305,23
305,247
305,280
305,179
306,417
306,62
306,497
306,389
306,136
306,432
306,456
306,379
306,85
306,134
306,132
306,59
306,320
306,372
306,227
306,440
307,391
307,78
307,193
307,302
307,58
307,164
307,262
307,365
307,461
307,192
307,398
307,326
307,142
307,151
307,89
307,40
308,21
308,44
308,169
308,447
308,49
308,68
308,427
308,325
308,32
308,416
308,76
308,458
308,137
308,318
308,478
308,63
308,87
308,262
308,114
308,385
308,90
308,191
308,389
308,404
308,311
308,379
308,35
308,345
309,262
309,464
309,369
309,396
309,264
309,322
309,402
309,319
309,451
309,301
309,58
309,234
309,233
309,372
309,494
309,2
309,395
309,467
309,370
310,285
310,430
310,294
310,235
310,377
310,150
310,122
310,102
310,302
310,136
310,72
310,345
310,76
310,437
310,190
310,268
310,458
310,70
310,332
310,367
310,248
310,104
310,178
310,110
310,454
310,15
310,457
311,308
311,392
311,130
311,420
311,74
311,278
311,364
311,163
311,65
311,185
311,358
311,55
311,489
311,447
311,226
311,494
311,281
311,15
311,405
312,76
312,458
312,380
312,247
312,194
312,409
312,75
312,185
312,344
312,28
312,397
312,3
312,31
312,467
312,342
312,484
313,73
313,280
313,61
313,389
313,248
313,392
313,6
313,297
313,78
313,144
313,200
313,100
313,186
313,422
313,114
313,150
313,465
313,37
313,173
313,409
313,372
313,464
313,438
313,299
313,17
313,397
313,119
313,251
313,64
313,169
313,294
313,413
313,317
313,331
313,380
313,308
313,385
313,107
313,221
313,354
313,98
313,345
313,451
313,179
313,315
313,349
313,154
313,170
313,429
313,205
313,66
314,218
314,276
314,290
314,468
314,306
314,185
314,168
314,138
314,367
314,416
314,171
314,129
314,117
314,494
314,280
314,195
314,378
314,204
314,163
314,26
314,286
314,229
315,195
315,3
315,13
315,348
315,73
315,173
315,105
315,431
315,344
315,338
315,312
315,396
315,370
315,340
315,34
315,95
315,357
315,35
315,130
315,149
315,395
315,138
315,102
315,455
315,269
315,281
315,400
315,23
316,470
316,177
316,332
316,90
316,8
316,242
316,124
316,165
316,342
316,76
316,384
316,282
316,161
316,183
316,131
317,147
317,345
317,251
317,265
317,21
317,157
317,355
317,105
317,240
317,306
317,320
317,375
317,187
317,472
317,101
317,54
317,236
317,113
317,262
317,421
317,71
317,266
317,307
317,167
317,485
317,45
317,136
317,481
317,313
318,135
318,293
318,147
318,416
318,213
318,125
318,42
318,134
318,235
318,162
318,15
318,270
318,405
318,89
318,359
318,373
318,3
318,437
318,345
318,433
318,291
318,409
318,212
318,186
318,397
318,319
318,474
318,232
318,173
318,334
318,68
319,388
319,318
319,123
319,236
319,406
319,172
319,480
319,470
319,113
319,352
319,167
319,73
319,56
319,309
319,120
319,329
319,152
320,100
320,306
320,243
320,233
320,87
320,413
320,335
320,150
320,478
320,283
320,355
320,346
320,236
320,210
320,261
320,317
320,74
320,476
321,22
321,331
321,366
321,367
321,220
321,302
321,81
321,322
321,209
321,142
321,402
321,114
321,166
321,338
321,447
321,439
321,41
321,273
321,21
322,24
322,344
322,191
322,334
322,399
322,295
322,94
322,118
322,356
322,340
322,379
322,123
322,1
322,321
323,261
323,383
323,231
323,151
323,178
323,395
323,8
323,397
323,296
323,64
323,373
323,71
323,286
323,180
323,399
323,185
324,296
324,166
324,216
324,52
324,189
324,293
324,75
324,141
324,307
324,255
324,260
324,356
324,279
324,65
324,74
324,278
325,260
325,360
325,299
325,424
325,264
325,48
325,157
325,176
325,481
325,302
325,174
325,130
325,308
325,241
325,270
325,96
325,44
325,131
325,492
326,307
326,272
326,219
326,92
326,136
326,380
326,456
326,320
326,161
326,482
326,209
326,363
326,269
326,246
326,203
327,3
327,12
327,360
327,383
327,120
327,286
327,261
327,13
327,189
327,79
327,377
327,448
327,28
327,6
327,203
327,272
327,199
328,253
328,176
328,20
328,385
328,486
328,500
328,318
328,337
328,422
328,227
328,75
328,166
328,448
328,485
328,171
328,62
328,94
329,251
329,126
329,4
329,253
329,319
329,73
329,454
329,274
329,449
329,221
329,286
329,19
329,132
329,374
329,112
329,143
329,476
329,88
329,13
329,96
330,73
330,99
330,259
330,284
330,302
330,215
330,438
330,452
330,430
330,206
330,418
330,251
330,389
330,268
330,41
330,128
330,479
330,304
330,47
330,34
331,84
331,120
331,177
331,329
331,262
331,370
331,250
331,67
331,144
331,216
331,494
331,65
331,89
331,456
331,80
331,311
331,405
331,425
331,251
331,414
331,407
331,25
331,446
331,112
331,428
331,379
331,429
331,439
331,338
331,296
331,468
331,95
331,138
331,426
331,480
331,313
331,386
331,368
331,246
331,478
332,113
332,12
332,164
332,198
332,206
332,457
332,397
332,331
332,8
332,181
332,21
332,137
332,212
332,263
332,25
332,60
332,223
332,190
332,463
332,461
332,392
332,310
332,204
332,177
332,101
332,251
332,163
332,363
332,175
332,79
333,445
333,142
333,176
333,45
333,500
333,336
333,459
333,139
333,130
333,33
333,304
333,204
333,147
333,134
333,264
333,145
333,65
334,283
334,32
334,213
334,105
334,262
334,318
334,210
334,282
334,70
334,296
334,444
334,42
334,465
334,449
334,459
334,350
334,285
334,288
334,181
334,22
334,368
334,364
334,386
334,438
334,145
334,96
334,268
334,493
334,410
334,234
334,287
334,258
334,322
334,416
334,473
334,401
334,483
334,183
334,403
334,76
334,392
334,188
334,400
334,116
334,458
334,344
334,44
334,1
334,121
334,98
334,244
334,141
334,62
334,481
334,101
334,5
334,123
334,454
334,299
334,165
335,206
335,257
335,220
335,432
335,110
335,14
335,384
335,43
335,73
335,105
335,123
335,54
335,366
335,204
335,430
335,164
335,11
335,320
335,208
335,143
335,86
336,258
336,456
336,136
336,184
336,64
336,185
336,150
336,73
336,466
336,260
336,472
336,215
336,484
336,333
337,80
337,197
337,264
337,159
337,492
337,212
337,117
337,240
337,18
337,118
337,165
337,136
337,84
337,430
337,394
337,457
337,282
337,454
337,135
337,283
337,169
337,26
337,156
337,365
337,345
338,82
338,315
338,372
338,206
338,321
338,109
338,252
338,363
338,278
338,14
338,356
338,95
338,447
338,476
338,425
338,181
339,443
339,103
339,273
339,214
339,137
339,126
339,143
339,405
339,247
339,498
339,245
339,152
339,446
339,396
339,448
339,274
340,179
340,219
340,334
340,56
340,315
340,442
340,64
340,450
340,372
340,5
340,444
340,348
340,458
340,86
340,377
340,272
340,291
340,298
341,123
341,274
341,475
341,332
341,217
341,130
341,349
341,109
341,42
341,326
341,263
341,133
341,262
341,213
341,118
341,408
341,456
341,376
341,359
341,170
341,188
341,323
341,311
341,356
341,375
341,390
341,438
341,247
341,393
341,315
341,141
341,418
341,157
341,479
341,120
341,32
341,440
341,250
341,14
341,413
341,114
341,232
341,183
341,403
341,468
341,227
341,122
341,82
341,465
342,161
342,378
342,195
342,174
342,19
342,488
342,367
342,159
342,67
342,312
342,97
342,162
342,436
342,292
342,316
343,122
343,482
343,94
343,233
343,209
343,204
343,186
343,110
343,241
343,267
343,166
343,7
343,393
343,252
343,113
343,480
343,411
343,27
344,20
344,403
344,177
344,185
344,115
344,315
344,14
344,63
344,102
344,81
344,411
344,237
344,494
344,118
344,160
344,183
344,334
344,471
344,83
344,374
344,302
344,39
344,201
344,395
344,454
345,318
345,310
345,454
345,390
345,425
345,146
345,308
345,115
345,337
345,197
345,421
345,8
345,85
345,139
345,348
345,285
345,90
345,259
345,246
345,457
345,165
345,268
345,10
345,317
345,71
345,29
345,38
345,216
345,288
346,388
346,403
346,427
346,495
346,417
346,332
346,105
346,163
346,414
346,305
346,12
346,320
346,181
346,8
346,364
346,113
346,260
346,267
346,56
346,425
346,454
347,109
347,97
347,421
347,473
347,471
347,102
347,12
347,202
347,314
347,145
347,322
347,20
347,164
347,144
347,130
347,286
347,64
347,265
347,237
348,465
348,480
348,345
348,462
348,146
348,265
348,8
348,241
348,258
348,277
348,318
348,460
348,276
348,119
348,437
348,307
348,379
348,322
348,104
348,141
348,306
348,353
348,257
348,435
348,434
348,483
348,179
348,160
348,114
348,184
348,340
348,214
348,249
349,251
349,179
349,209
349,204
349,483
349,313
349,32
349,269
349,477
349,361
349,139
349,469
349,446
350,493
350,491
350,224
350,16
350,233
350,388
350,302
350,226
350,188
350,438
350,339
350,386
350,366
350,112
350,167
350,92
350,278
350,68
350,381
350,454
351,491
351,129
351,270
351,141
351,123
351,394
351,93
351,243
351,384
351,229
351,442
351,231
351,111
351,256
351,406
351,176
351,2
351,451
351,276
351,138
351,488
351,428
352,90
352,200
352,449
352,464
352,262
352,367
352,378
352,194
352,345
352,457
352,43
352,312
352,446
352,416
352,26
352,241
352,238
353,473
353,50
353,238
353,424
353,114
353,18
353,26
353,387
353,228
353,426
353,268
353,275
353,144
353,101
353,434
353,130
353,267
354,454
354,438
354,108
354,78
354,325
354,448
354,129
354,335
354,255
354,176
354,437
354,88
354,168
354,177
354,469
354,96
354,434
354,465
354,374
354,421
354,213
354,476
354,386
354,231
355,375
355,89
355,295
355,204
355,75
355,302
355,128
355,406
355,251
355,157
355,68
355,271
355,111
355,320
355,487
355,6
355,317
355,209
355,470
356,239
356,282
356,372
356,143
356,349
356,134
356,405
356,95
356,120
356,247
356,11
356,5
356,212
356,292
356,451
356,324
356,217
356,255
356,124
356,401
356,341
356,490
357,262
357,450
357,49
357,64
357,244
357,94
357,315
357,440
357,30
357,9
357,123
357,167
357,289
357,162
357,358
357,126
357,494
358,389
358,70
358,427
358,484
358,185
358,452
358,141
358,105
358,334
358,262
358,357
358,211
358,239
358,187
358,151
358,77
358,41
358,32
358,54
358,134
359,271
359,470
359,262
359,449
359,18
359,272
359,96
359,381
359,318
359,147
359,410
359,28
359,73
359,26
359,474
359,34
359,71
359,169
359,170
359,202
359,387
360,151
360,442
360,185
360,487
360,10
360,428
360,453
360,69
360,118
360,130
360,285
360,280
360,89
360,228
360,402
360,177
360,11
360,120
360,379
360,493
360,325
360,275
360,468
360,385
360,261
360,443
361,123
361,164
361,156
361,98
361,482
361,332
361,268
361,333
361,185
361,467
361,411
361,1
361,430
361,247
361,349
361,379
361,179
361,392
361,439
362,225
362,133
362,192
362,122
362,214
362,114
362,465
362,75
362,172
362,64
362,194
362,331
362,4
362,443
362,469
362,302
362,160
363,403
363,332
363,219
363,406
363,238
363,95
363,35
363,187
363,225
363,409
363,436
363,364
363,153
363,116
363,439
363,486
363,426
363,33
363,430
363,500
363,34
363,145
363,456
363,259
363,258
363,192
363,196
363,499
363,125
363,30
364,107
364,376
364,488
364,186
364,229
364,162
364,190
364,346
364,28
364,185
364,446
364,403
364,334
364,17
364,363
364,27
364,394
364,252
365,205
365,150
365,245
365,211
365,426
365,101
365,368
365,432
365,289
365,337
365,209
365,496
365,463
365,263
365,307
365,182
365,270
365,114
365,410
365,473
366,48
366,350
366,309
366,289
366,467
366,393
366,410
366,212
366,437
366,335
366,105
366,120
366,207
366,375
366,223
366,188
366,15
366,459
367,452
367,252
367,197
367,429
367,416
367,75
367,8
367,66
367,395
367,249
367,210
367,160
367,171
367,321
367,149
367,72
367,412
367,31
367,37
368,262
368,331
368,63
368,285
368,42
368,378
368,462
368,78
368,231
368,428
368,170
368,479
368,117
368,365
368,252
368,458
368,144
368,79
369,107
369,150
369,10
369,438
369,24
369,116
369,136
369,287
369,318
369,479
369,482
369,486
369,34
370,100
370,282
370,246
370,355
370,315
370,20
370,388
370,186
370,309
370,54
370,187
370,270
370,331
370,41
370,394
370,136
370,141
371,300
371,24
371,387
371,365
371,115
371,455
371,478
371,269
371,38
371,386
371,298
371,33
371,415
371,222
371,296
371,428
371,94
371,426
371,158
372,326
372,74
372,40
372,4
372,99
372,233
372,158
372,102
372,219
372,306
372,188
372,309
372,338
372,48
372,356
372,15
372,447
372,53
372,254
372,431
372,6
372,240
372,492
372,340
372,406
372,424
373,219
373,95
373,3
373,477
373,386
373,212
373,281
373,234
373,262
373,154
373,65
373,147
373,237
373,444
373,318
373,202
373,297
373,205
373,203
373,499
373,377
373,204
373,227
373,192
373,4
373,75
373,115
373,302
373,278
373,151
374,355
374,26
374,156
374,490
374,100
374,238
374,163
374,120
374,34
374,329
374,276
374,344
374,191
374,370
374,115
374,72
374,463
374,167
374,266
374,354
374,105
374,145
374,415
374,335
374,64
374,280
374,281
375,185
375,28
375,415
375,292
375,336
375,97
375,5
375,77
375,106
375,365
375,484
375,4
375,251
375,366
375,78
375,303
375,500
375,460
375,146
375,23
375,57
375,189
375,262
375,201
375,464
375,115
375,15
375,317
375,385
375,76
375,241
375,355
375,192
375,159
375,381
375,40
375,392
376,85
376,69
376,402
376,184
376,17
376,77
376,191
376,342
376,141
376,195
376,474
376,34
376,364
376,185
376,21
376,157
376,341
376,248
376,18
376,428
377,15
377,475
377,381
377,23
377,340
377,296
377,191
377,236
377,126
377,37
377,335
377,147
377,454
377,162
377,395
377,433
377,123
377,467
377,240
377,496
377,146
377,64
377,140
377,121
377,310
377,194
377,373
377,327
377,94
378,252
378,162
378,440
378,124
378,314
378,71
378,46
378,402
378,25
378,164
378,318
378,262
378,345
378,397
378,438
378,97
378,172
378,236
378,105
378,405
378,180
378,315
378,433
378,417
378,112
378,285
378,325
378,481
378,489
378,352
378,47
378,494
378,215
378,226
378,32
378,281
378,422
378,263
378,342
378,469
378,368
378,151
379,121
379,396
379,178
379,137
379,202
379,14
379,455
379,400
379,466
379,241
379,236
379,92
379,312
379,308
379,438
379,148
379,360
379,126
379,84
379,132
379,54
379,34
379,112
379,3
379,197
379,417
379,361
379,381
379,36
379,254
379,292
379,479
379,91
379,462
379,168
379,152
379,237
379,322
379,146
379,454
379,171
380,162
380,312
380,249
380,103
380,296
380,49
380,154
380,69
380,262
380,4
380,473
380,438
380,499
380,454
380,278
380,281
380,382
380,471
380,35
380,158
381,76
381,257
381,454
381,272
381,152
381,105
381,87
381,241
381,236
381,369
381,1
381,375
381,426
381,440
381,350
381,262
381,481
381,391
381,301
381,28
381,300
381,222
381,218
381,429
381,4
381,202
381,144
381,261
381,475
381,359
381,259
382,404
382,19
382,166
382,380
382,22
382,400
382,393
382,314
382,387
382,161
382,35
382,399
382,84
382,184
382,448
382,61
382,98
382,451
383,497
383,255
383,148
383,135
383,240
383,163
383,449
383,146
383,8
383,50
383,58
383,5
383,266
383,406
383,190
383,256
383,123
383,431
383,63
384,14
384,174
384,146
384,102
384,135
384,152
384,3
384,233
384,395
384,232
384,302
384,162
384,316
384,481
384,457
384,171
384,490
384,57
384,29
385,360
385,372
385,439
385,234
385,447
385,212
385,229
385,89
385,264
385,285
385,335
385,375
385,409
385,308
385,106
385,432
385,328
385,37
385,201
386,62
386,159
386,158
386,100
386,185
386,78
386,134
386,260
386,242
386,22
386,225
386,331
386,14
386,354
386,161
386,318
386,195
386,305
386,226
386,269
386,443
386,125
386,413
386,424
386,270
386,405
386,75
386,117
386,426
386,373
386,211
386,145
386,135
386,184
386,120
386,371
386,163
387,315
387,262
387,142
387,417
387,283
387,234
387,491
387,135
387,372
387,44
387,394
387,22
387,3
387,459
387,271
387,99
387,92
387,435
387,104
387,199
387,31
387,410
387,398
387,120
387,186
387,359
387,45
387,52
387,395
387,265
387,248
387,20
387,298
387,291
387,281
387,403
387,136
387,353
387,407
388,422
388,297
388,493
388,190
388,114
388,191
388,233
388,94
388,219
388,328
388,78
388,262
388,101
388,346
388,319
388,411
388,430
389,103
389,179
389,126
389,330
389,152
389,285
389,172
389,121
389,446
389,32
389,252
389,272
389,154
389,495
389,6
389,215
389,159
389,265
389,306
389,234
389,240
390,264
390,302
390,108
390,189
390,448
390,459
390,500
390,157
390,89
390,80
390,146
390,414
390,271
390,217
390,425
390,144
390,481
391,200
391,111
391,471
391,441
391,276
391,258
391,437
391,384
391,403
391,409
391,19
391,302
391,274
391,18
391,210
391,278
391,394
391,497
391,131
391,129
391,257
391,141
392,119
392,417
392,168
392,141
392,481
392,377
392,464
392,136
392,332
392,376
392,53
392,290
392,61
392,455
392,162
392,93
392,229
392,361
392,185
392,208
392,116
392,235
392,375
392,433
392,311
392,39
392,261
392,451
392,334
392,297
393,18
393,302
393,21
393,500
393,494
393,420
393,489
393,343
393,409
393,143
393,121
393,266
393,382
393,439
393,341
393,130
393,211
393,25
393,108
394,174
394,454
394,331
394,309
394,255
394,260
394,99
394,165
394,68
394,391
394,364
394,73
394,185
394,27
394,37
394,370
394,349
394,495
394,337
394,415
394,248
394,136
394,253
394,351
394,81
394,115
394,205
394,38
394,399
395,216
395,117
395,315
395,5
395,85
395,456
395,318
395,133
395,162
395,253
395,48
395,86
395,260
395,410
395,264
395,344
395,140
395,210
395,355
395,32
395,30
395,105
395,251
395,237
395,214
395,438
395,158
395,417
395,3
395,425
395,408
395,250
395,388
395,198
395,66
395,68
395,361
395,262
395,82
395,120
395,409
395,422
395,132
395,309
395,396
395,377
395,160
395,463
395,50
395,384
395,367
395,323
396,360
396,385
396,162
396,315
396,206
396,309
396,246
396,426
396,357
396,339
396,207
396,233
396,267
396,117
396,290
396,165
396,151
396,269
396,454
396,243
396,295
396,36
396,403
396,56
396,54
397,318
397,251
397,216
397,29
397,138
397,317
397,73
397,487
397,418
397,97
397,262
397,447
397,206
397,67
397,332
397,194
397,323
397,454
397,175
397,7
397,59
397,70
397,135
397,401
397,214
397,16
397,292
397,407
397,171
397,100
397,91
397,263
397,409
397,33
397,26
397,461
398,45
398,225
398,299
398,194
398,98
398,221
398,494
398,400
398,59
398,307
398,481
398,208
398,160
398,251
398,203
399,318
399,6
399,227
399,471
399,2
399,77
399,142
399,323
399,184
399,383
399,443
399,394
399,278
399,40
399,450
399,43
399,409
399,402
399,382
399,453
399,496
399,459
399,279
400,118
400,342
400,315
400,254
400,489
400,258
400,219
400,482
400,192
400,183
400,91
400,402
400,20
400,398
400,261
400,216
400,135
400,6
400,250
400,195
400,471
400,293
400,379
400,80
400,463
400,181
400,101
401,356
401,274
401,455
401,288
401,397
401,93
401,179
401,211
401,131
401,8
401,465
401,369
401,213
401,124
401,1
401,480
401,454
401,284
401,267
402,425
402,287
402,41
402,78
402,360
402,412
402,399
402,225
402,127
402,262
402,57
402,10
402,197
402,309
402,321
402,378
402,400
402,110
402,89
402,376
402,446
402,428
403,220
403,341
403,33
403,162
403,14
403,285
403,409
403,152
403,79
403,85
403,466
403,387
403,293
403,120
403,155
403,38
403,100
403,20
403,396
403,191
403,188
403,69
403,81
403,68
403,430
403,72
403,468
403,446
403,173
403,113
403,19
403,148
403,421
403,197
403,445
403,245
403,101
403,87
403,344
403,181
403,144
403,364
403,206
403,200
403,36
403,363
403,260
404,296
404,77
404,295
404,348
404,360
404,262
404,489
404,454
404,88
404,429
404,192
404,181
404,477
404,425
404,382
404,497
404,406
405,122
405,237
405,318
405,3
405,19
405,53
405,287
405,311
405,386
405,106
405,123
405,181
405,424
405,152
405,16
405,162
405,356
405,68
405,434
405,72
406,441
406,94
406,351
406,404
406,372
406,383
406,47
406,168
406,355
406,368
406,252
406,119
406,244
406,243
406,84
406,319
406,19
406,222
406,294
407,313
407,141
407,276
407,415
407,475
407,435
407,162
407,431
407,387
407,44
407,28
407,500
407,499
407,246
407,4
407,5
407,158
407,380
407,397
407,210
407,70
407,377
407,91
407,489
407,411
407,484
407,144
407,331
407,97
407,473
408,352
408,115
408,454
408,58
408,403
408,218
408,129
408,341
408,269
408,169
408,417
408,377
408,142
408,395
408,5
408,207
408,156
408,190
409,318
409,400
409,72
409,262
409,430
409,385
409,399
409,201
409,22
409,397
409,41
409,468
409,363
409,56
409,251
409,204
409,313
409,425
409,264
409,137
409,152
409,252
409,194
409,413
409,102
409,312
409,458
409,461
409,57
409,189
409,245
409,483
409,395
409,259
409,433
410,426
410,139
410,262
410,177
410,185
410,219
410,229
410,365
410,420
410,492
410,175
410,28
410,500
410,107
410,116
410,454
410,160
410,181
410,151
410,395
410,48
410,54
410,100
410,113
410,146
410,4
410,472
410,49
410,127
410,359
411,399
411,64
411,269
411,32
411,198
411,343
411,449
411,226
411,476
411,275
411,73
411,86
411,414
411,16
411,421
411,356
411,388
411,28
411,95
411,182
411,363
411,255
411,407
411,312
411,55
411,141
411,249
411,154
411,361
411,344
411,487
412,496
412,121
412,397
412,396
412,124
412,253
412,300
412,367
412,198
412,98
412,423
412,34
412,290
412,199
412,274
412,136
412,481
412,305
412,454
412,15
413,264
413,84
413,106
413,93
413,499
413,250
413,447
413,409
413,427
413,284
413,94
413,496
413,294
413,147
413,459
413,313
413,236
413,174
413,73
413,216
413,419
413,425
413,300
413,51
413,49
413,116
413,89
413,225
413,198
413,204
414,141
414,200
414,199
414,302
414,264
414,6
414,84
414,438
414,113
414,175
414,351
414,164
414,487
414,411
414,346
414,233
414,260
414,142
415,185
415,293
415,164
415,27
415,106
415,447
415,255
415,20
415,292
415,371
415,495
415,112
415,375
415,228
415,374
415,93
415,449
415,407
415,394
416,39
416,136
416,28
416,222
416,8
416,46
416,54
416,47
416,423
416,352
416,216
416,1
416,400
416,417
416,23
416,353
416,500
416,170
416,413
416,73
416,357
416,111
416,177
416,367
416,25
416,425
416,451
416,69
417,343
417,8
417,236
417,237
417,438
417,196
417,30
417,302
417,42
417,4
417,483
417,466
417,5
417,32
417,242
417,24
417,110
417,246
417,422
417,490
417,382
417,116
417,356
417,471
417,231
417,379
417,7
417,126
417,86
417,458
417,387
417,418
417,211
417,56
417,454
417,346
417,143
417,378
417,408
417,395
417,495
417,17
417,69
417,416
417,205
418,194
418,206
418,98
418,417
418,196
418,246
418,291
418,14
418,388
418,262
418,363
418,136
418,341
418,152
418,330
418,101
418,397
418,259
419,212
419,262
419,277
419,68
419,168
419,413
419,11
419,251
419,3
419,450
419,454
419,229
419,24
419,155
419,61
419,59
420,84
420,46
420,287
420,351
420,151
420,44
420,292
420,123
420,103
420,487
420,168
420,32
420,476
420,243
420,89
420,81
420,441
420,140
420,285
420,311
420,410
421,282
421,157
421,88
421,403
421,219
421,194
421,135
421,139
421,25
421,351
421,354
421,150
421,279
421,235
421,103
421,182
421,142
421,34
421,317
422,149
422,105
422,262
422,490
422,302
422,378
422,60
422,413
422,222
422,279
422,37
422,438
422,240
422,24
422,117
422,388
422,417
422,58
423,223
423,458
423,109
423,50
423,204
423,82
423,104
423,11
423,456
423,73
423,409
423,238
423,37
423,416
423,107
423,468
423,412
423,124
423,45
424,372
424,405
424,6
424,39
424,489
424,100
424,134
424,138
424,72
424,219
424,382
424,259
424,433
424,476
424,446
424,178
425,186
425,131
425,109
425,358
425,79
425,332
425,123
425,362
425,117
425,253
425,84
425,315
425,262
425,298
425,454
425,326
425,105
425,438
425,2
425,292
425,416
425,483
425,279
425,413
425,412
425,275
425,436
425,264
425,430
425,113
425,146
425,32
425,375
425,409
425,215
425,500
425,405
425,163
425,216
425,338
425,76
425,21
425,431
425,493
425,346
425,31
425,13
425,479
425,35
425,400
425,304
425,404
425,43
425,271
425,344
425,390
425,82
425,402
425,345
425,395
425,331
426,363
426,331
426,391
426,456
426,3
426,269
426,122
426,73
426,248
426,236
426,304
426,404
426,400
426,149
426,252
426,110
426,105
426,256
426,8
426,371
426,181
426,266
426,441
426,386
426,396
426,187
426,410
426,260
426,26
426,207
426,156
426,381
426,439
427,177
427,459
427,92
427,397
427,452
427,273
427,491
427,203
427,338
427,73
427,443
427,71
427,176
427,308
427,477
427,34
427,500
427,466
428,413
428,65
428,73
428,327
428,499
428,376
428,481
428,469
428,454
428,128
428,351
428,245
428,41
428,119
428,127
428,135
428,233
428,371
428,147
428,402
428,154
428,170
428,263
428,360
428,249
428,331
428,496
428,16
428,286
429,163
429,103
429,313
429,446
429,425
429,231
429,129
429,284
429,381
429,325
429,171
429,8
429,404
429,56
429,50
429,181
429,367
429,331
430,204
430,7
430,278
430,361
430,351
430,32
430,184
430,191
430,388
430,431
430,337
430,292
430,363
430,354
430,306
430,20
430,403
430,438
430,211
430,287
430,489
430,449
430,285
430,93
430,344
430,277
430,335
430,205
430,183
430,164
430,127
430,397
430,105
430,286
430,330
430,310
430,274
430,87
430,409
430,425
431,383
431,105
431,372
431,327
431,279
431,447
431,476
431,16
431,120
431,290
431,168
431,72
431,157
431,430
431,91
431,493
431,407
431,315
432,113
432,52
432,133
432,269
432,135
432,92
432,202
432,385
432,145
432,56
432,360
432,306
432,365
432,253
432,471
432,198
432,141
432,167
433,250
433,409
433,335
433,124
433,210
433,63
433,177
433,424
433,187
433,215
433,404
433,318
433,267
433,392
433,298
433,118
434,63
434,125
434,280
434,321
434,354
434,427
434,470
434,18
434,403
434,348
434,430
434,66
434,474
434,405
434,353
434,486
434,228
434,14
434,3
434,198
434,52
434,262
434,56
434,266
434,95
434,482
434,74
435,235
435,399
435,407
435,163
435,173
435,148
435,197
435,219
435,32
435,300
435,276
435,120
435,348
435,454
435,109
435,480
435,115
435,159
436,73
436,62
436,458
436,159
436,342
436,368
436,141
436,11
436,257
436,265
436,28
436,454
436,46
436,425
436,156
436,472
436,457
436,93
436,84
436,229
436,302
436,112
436,234
437,144
437,400
437,438
437,494
437,204
437,75
437,257
437,318
437,3
437,11
437,143
437,391
437,2
437,354
437,174
437,97
437,366
437,348
437,229
438,42
438,422
438,145
438,208
438,382
438,30
438,148
438,398
438,368
438,262
438,436
438,284
438,149
438,180
438,472
438,287
438,470
438,174
438,378
438,58
438,268
438,395
438,491
438,276
438,151
438,443
438,241
438,201
438,99
438,425
438,430
438,125
438,481
438,75
438,300
438,222
438,330
438,177
438,277
438,160
439,363
439,470
439,29
439,122
439,192
439,227
439,361
439,245
439,393
439,441
439,321
439,279
439,22
439,80
439,451
439,299
439,75
440,397
440,413
440,244
440,82
440,288
440,156
440,306
440,225
440,70
440,23
440,313
440,99
440,111
440,35
440,357
440,206
440,226
440,381
441,131
441,185
441,333
441,138
441,485
441,420
441,301
441,419
441,55
441,31
441,235
441,232
441,391
441,125
441,107
441,120
441,299
441,183
441,426
442,260
442,315
442,468
442,273
442,152
442,219
442,364
442,264
442,17
442,78
442,496
442,345
442,79
442,211
442,305
442,360
442,262
442,76
442,73
442,351
442,13
442,206
442,99
442,340
442,270
442,493
442,96
443,78
443,170
443,289
443,479
443,179
443,360
443,438
443,298
443,347
443,362
443,80
443,18
443,224
443,315
443,71
443,12
443,67
443,89
443,17
443,473
443,214
443,215
443,238
443,120
443,190
443,136
443,90
443,144
444,105
444,397
444,118
444,21
444,262
444,113
444,236
444,500
444,130
444,281
444,355
444,349
444,462
444,238
444,499
444,200
444,97
445,88
445,14
445,26
445,175
445,403
445,335
445,161
445,50
445,227
445,495
445,311
445,275
445,73
445,274
445,93
445,264
445,69
445,488
445,487
446,417
446,134
446,469
446,5
446,454
446,236
446,191
446,349
446,203
446,111
446,402
446,339
446,392
446,424
446,214
446,471
446,105
446,246
446,352
446,403
446,133
446,44
446,270
446,28
446,35
446,389
446,487
446,26
447,42
447,24
447,117
447,311
447,256
447,321
447,486
447,251
447,173
447,4
447,13
447,449
447,372
447,456
447,63
447,239
447,116
447,69
447,413
447,393
447,262
447,270
447,338
447,424
447,101
447,415
447,385
447,397
447,228
448,289
448,327
448,199
448,58
448,200
448,339
448,478
448,239
448,382
448,141
448,328
448,144
448,498
448,354
448,129
448,183
448,419
449,48
449,155
449,262
449,150
449,243
449,287
449,89
449,235
449,210
449,102
449,415
449,192
449,54
449,76
449,148
449,152
449,334
449,467
449,457
449,290
449,454
449,352
449,359
449,256
449,133
449,458
449,383
449,430
449,411
450,111
450,8
450,78
450,318
450,61
450,268
450,62
450,366
450,54
450,367
450,399
450,212
450,26
450,340
450,453
450,105
450,460
451,416
451,439
451,255
451,106
451,375
451,262
451,244
451,392
451,241
451,356
451,442
451,324
451,400
451,463
451,277
451,352
451,454
451,230
451,182
451,8
451,278
451,407
451,344
451,149
451,39
451,383
451,105
451,363
451,302
451,382
451,168
451,10
451,133
451,65
451,295
451,462
451,143
451,337
451,117
451,345
451,81
451,457
451,351
451,253
451,498
451,202
451,205
452,239
452,262
452,464
452,294
452,462
452,439
452,236
452,122
452,8
452,85
452,90
452,299
452,358
452,151
452,212
452,330
452,265
452,44
453,450
453,470
453,462
453,413
453,241
453,471
453,399
453,452
453,331
453,75
453,256
453,38
453,5
453,93
453,136
453,6
453,277
453,338
453,105
453,140
453,264
453,274
453,303
453,194
453,113
453,202
453,36
453,209
453,360
453,268
454,51
454,28
454,453
454,73
454,175
454,417
454,181
454,439
454,27
454,380
454,77
454,284
454,132
454,262
454,134
454,150
454,3
454,120
454,218
454,105
454,444
454,31
454,251
454,376
454,294
454,68
454,236
454,17
454,410
454,185
454,229
454,158
454,435
454,344
454,162
454,221
454,369
454,98
454,412
454,219
454,424
454,374
454,70
454,316
454,197
454,460
454,61
454,485
454,411
454,468
454,85
454,449
454,153
454,484
454,480
454,438
454,48
454,122
454,152
454,310
454,108
454,303
454,389
454,346
454,402
454,269
454,342
454,155
454,409
454,280
454,247
454,125
454,58
454,476
454,163
454,101
454,337
454,227
454,118
454,497
454,80
454,479
454,141
454,367
454,76
454,350
454,324
454,12
454,199
454,32
454,396
454,499
454,117
454,5
454,399
454,296
454,128
454,312
454,381
454,149
454,318
454,160
454,286
454,379
454,111
454,156
454,425
454,401
454,47
454,143
454,131
454,447
454,397
454,354
454,65
454,62
454,200
454,458
454,190
454,436
454,19
454,18
454,428
454,481
454,486
454,224
454,147
454,451
454,223
454,329
455,23
455,315
455,335
455,103
455,146
455,370
455,159
455,413
455,247
455,488
455,49
455,231
455,401
455,1
455,392
455,136
455,371
456,363
456,118
456,380
456,370
456,371
456,401
456,262
456,331
456,417
456,164
456,304
456,261
456,423
456,120
456,480
456,221
456,156
456,426
456,336
456,205
456,306
456,101
456,447
456,222
456,462
456,499
456,248
456,179
456,158
456,97
456,326
457,15
457,209
457,498
457,345
457,127
457,108
457,201
457,102
457,41
457,436
457,384
457,449
457,213
457,29
457,337
457,492
457,433
457,389
457,310
457,474
457,183
457,184
457,194
457,81
457,267
457,190
457,94
457,124
457,332
457,451
457,281
457,122
458,224
458,30
458,237
458,150
458,262
458,123
458,120
458,454
458,162
458,390
458,417
458,368
458,87
458,303
458,409
458,213
458,297
458,48
458,38
458,32
458,340
458,354
458,52
458,302
458,449
458,423
458,54
458,309
458,477
458,498
458,139
458,246
458,261
458,428
458,179
458,34
458,244
458,209
458,334
458,310
458,312
459,34
459,190
459,18
459,399
459,366
459,409
459,59
459,58
459,15
459,147
459,57
459,413
459,193
459,390
459,481
459,333
459,206
460,400
460,450
460,78
460,262
460,42
460,173
460,29
460,213
460,57
460,328
460,357
460,279
460,292
460,183
460,79
460,348
461,168
461,281
461,8
461,398
461,390
461,144
461,238
461,397
461,409
461,332
461,322
461,36
461,31
461,79
461,23
462,8
462,444
462,70
462,456
462,27
462,271
462,128
462,15
462,397
462,302
462,364
462,368
462,496
462,348
462,453
462,452
462,242
462,451
462,206
463,232
463,73
463,422
463,233
463,163
463,68
463,395
463,365
463,332
463,67
463,400
463,85
463,36
463,215
463,469
463,472
463,180
463,13
463,192
463,97
463,226
463,206
463,281
463,106
463,160
463,149
463,229
463,374
464,304
464,375
464,228
464,266
464,225
464,442
464,78
464,5
464,474
464,192
464,44
464,476
464,143
464,309
464,66
464,479
465,354
465,270
465,500
465,48
465,162
465,286
465,485
465,148
465,16
465,289
465,38
465,11
465,348
465,3
465,362
465,401
465,301
465,65
465,175
465,27
466,131
466,120
466,66
466,76
466,48
466,490
466,80
466,339
466,427
466,292
466,448
466,182
466,336
466,417
466,167
466,85
466,247
466,144
466,139
467,309
467,27
467,224
467,449
467,461
467,100
467,332
467,135
467,187
467,312
467,482
467,119
467,231
467,361
467,194
467,475
467,167
468,341
468,318
468,40
468,360
468,8
468,423
468,288
468,347
468,200
468,149
468,98
468,403
468,331
468,471
468,165
468,314
468,106
468,31
469,391
469,463
469,362
469,195
469,150
469,241
469,378
469,20
469,354
469,317
469,233
469,298
469,492
469,259
469,142
469,446
470,355
470,23
470,146
470,64
470,14
470,239
470,167
470,438
470,435
470,107
470,71
470,497
470,17
470,150
470,453
470,316
470,238
470,439
470,319
470,294
470,58
471,239
471,115
471,286
471,344
471,189
471,478
471,380
471,432
471,400
471,468
471,433
471,417
471,100
471,453
471,295
471,446
471,207
471,494
472,298
472,120
472,211
472,463
472,42
472,336
472,410
472,105
472,9
472,100
472,461
472,399
472,251
472,438
472,176
472,281
472,369
472,14
472,163
472,469
472,436
472,190
472,73
472,153
472,192
472,367
473,301
473,213
473,365
473,407
473,446
473,161
473,363
473,477
473,70
473,149
473,29
473,500
473,380
473,32
473,236
473,112
473,491
473,353
473,443
473,283
474,308
474,400
474,288
474,429
474,63
474,188
474,318
474,359
474,181
474,273
474,488
474,148
474,74
474,72
474,98
474,85
474,5
474,111
475,302
475,78
475,339
475,226
475,175
475,9
475,156
475,467
475,381
475,367
475,2
475,197
475,377
475,407
475,53
475,476
475,304
475,193
475,189
475,124
476,328
476,225
476,413
476,320
476,56
476,99
476,8
476,128
476,424
476,194
476,493
476,375
476,153
476,354
476,168
476,329
476,485
476,344
476,500
476,33
476,499
476,420
476,318
476,30
476,109
476,475
476,73
476,68
476,409
476,302
476,34
476,262
476,338
476,454
476,431
476,281
476,166
477,295
477,427
477,498
477,223
477,106
477,56
477,404
477,278
477,4
477,72
477,378
477,3
477,458
477,51
477,55
477,349
477,178
477,261
477,105
478,230
478,9
478,141
478,389
478,236
478,120
478,118
478,36
478,241
478,331
478,190
478,429
478,483
478,203
478,16
478,42
478,304
479,464
479,185
479,368
479,356
479,433
479,205
479,58
479,73
479,141
479,413
479,330
479,331
479,53
479,454
479,425
479,369
480,131
480,434
480,77
480,428
480,436
480,42
480,110
480,39
480,207
480,66
480,496
480,214
480,343
480,55
480,498
480,456
480,479
480,331
480,7
480,332
480,437
480,355
480,112
480,267
480,302
480,435
480,417
480,483
480,50
480,79
480,106
480,401
480,354
480,448
480,410
480,252
480,454
480,233
480,249
480,265
480,348
480,230
481,136
481,345
481,318
481,149
481,438
481,454
481,71
481,52
481,217
481,382
481,291
481,281
481,266
481,113
481,8
481,150
481,459
481,37
481,412
481,251
481,403
481,390
481,79
481,249
481,170
481,400
481,36
481,193
481,384
481,452
481,439
481,177
481,317
481,42
481,120
481,33
481,127
481,325
481,72
481,153
481,50
481,56
481,15
482,130
482,62
482,447
482,6
482,170
482,336
482,245
482,89
482,402
482,434
482,47
482,403
482,326
482,236
482,400
482,275
482,343
483,377
483,246
483,163
483,139
483,409
483,173
483,181
483,120
483,149
483,348
483,102
483,478
483,218
483,263
483,480
483,257
483,164
483,166
483,273
483,112
483,189
483,298
483,288
483,231
484,316
484,154
484,336
484,262
484,407
484,245
484,68
484,228
484,41
484,312
484,455
484,375
484,261
484,115
484,171
484,454
485,271
485,249
485,454
485,72
485,500
485,13
485,128
485,357
485,98
485,43
485,317
485,236
485,363
485,300
485,277
485,384
485,118
485,328
485,389
485,385
485,252
485,107
485,265
485,331
485,441
485,278
485,9
485,241
485,305
486,279
486,217
486,463
486,102
486,107
486,410
486,332
486,318
486,454
486,363
486,335
486,307
486,174
486,447
486,369
486,53
487,217
487,123
487,414
487,442
487,59
487,293
487,446
487,355
487,120
487,445
487,81
487,302
487,138
487,67
487,268
487,411
487,38
487,394
487,175
487,55
487,326
487,232
487,117
487,39
487,3
487,190
487,78
487,218
487,397
487,171
487,420
488,351
488,294
488,65
488,451
488,387
488,132
488,262
488,181
488,133
488,414
488,445
488,177
488,364
488,474
488,128
488,242
488,55
488,302
488,253
489,339
489,281
489,262
489,67
489,436
489,476
489,311
489,25
489,83
489,410
489,413
489,251
489,424
489,252
489,407
489,301
489,400
489,378
489,393
490,356
490,302
490,262
490,284
490,299
490,172
490,484
490,272
490,384
490,98
490,355
490,461
490,43
490,422
490,265
490,417
490,153
491,183
491,242
491,438
491,55
491,473
491,344
491,64
491,412
491,450
491,317
491,184
491,496
491,75
491,427
491,21
491,74
491,387
491,350
492,125
492,112
492,95
492,70
492,325
492,17
492,1
492,93
492,74
492,337
492,372
492,434
492,162
492,258
492,399
492,280
492,37
492,120
492,220
492,410
492,469
492,287
492,144
492,457
492,261
492,238
493,153
493,223
493,54
493,326
493,371
493,454
493,442
493,360
493,431
493,8
493,465
493,78
493,83
493,262
493,230
493,208
493,282
493,69
493,67
493,439
493,110
493,103
493,257
493,113
493,388
493,334
493,144
493,500
493,174
494,372
494,276
494,262
494,416
494,314
494,379
494,102
494,311
494,357
494,254
494,309
494,481
494,344
494,471
494,259
494,186
494,403
494,113
494,203
494,7
494,16
494,88
494,219
494,231
494,144
494,174
494,437
495,262
495,172
495,37
495,298
495,342
495,389
495,33
495,105
495,379
495,417
495,170
495,123
495,38
495,26
495,415
495,445
495,159
496,161
496,114
496,124
496,94
496,428
496,399
496,51
496,491
496,462
496,333
496,172
496,320
496,269
496,365
496,497
496,377
496,442
496,15
496,413
497,488
497,105
497,177
497,60
497,374
497,496
497,470
497,404
497,391
497,363
497,302
497,292
497,306
497,166
497,48
497,295
497,287
497,261
498,193
498,185
498,448
498,257
498,233
498,136
498,169
498,69
498,228
498,269
498,102
498,418
498,196
498,451
498,458
498,457
498,339
498,274
499,363
499,113
499,344
499,262
499,442
499,380
499,410
499,444
499,15
499,399
499,456
499,373
499,291
499,413
499,407
499,454
499,428
499,299
499,231
500,363
500,96
500,493
500,410
500,262
500,259
500,268
500,193
500,79
500,165
500,427
500,159
500,425
500,302
500,125
500,476
500,390
500,333
500,465
500,166
500,375
500,112
500,185
